iso_code,continent,location,date,total_cases,new_cases,new_cases_smoothed,total_deaths,new_deaths,new_deaths_smoothed,total_cases_per_million,new_cases_per_million,new_cases_smoothed_per_million,total_deaths_per_million,new_deaths_per_million,new_deaths_smoothed_per_million,reproduction_rate,icu_patients,icu_patients_per_million,hosp_patients,hosp_patients_per_million,weekly_icu_admissions,weekly_icu_admissions_per_million,weekly_hosp_admissions,weekly_hosp_admissions_per_million,total_tests,new_tests,total_tests_per_thousand,new_tests_per_thousand,new_tests_smoothed,new_tests_smoothed_per_thousand,positive_rate,tests_per_case,tests_units,stringency_index,population,population_density,median_age,aged_65_older,aged_70_older,gdp_per_capita,extreme_poverty,cardiovasc_death_rate,diabetes_prevalence,female_smokers,male_smokers,handwashing_facilities,hospital_beds_per_thousand,life_expectancy,human_development_index
TUR,Asia,Turkey,23/01,,0,,,0,,,0,,,0,,,,,,,,,,,,,,,,,,,,0,84339067,104.914,31.6,8.153,5.061,25129.341,0.2,171.285,12.13,14.1,41.1,,2.81,77.69,0.791
TUR,Asia,Turkey,24/01,,0,,,0,,,0,,,0,,,,,,,,,,,,,,,,,,,,2.78,84339067,104.914,31.6,8.153,5.061,25129.341,0.2,171.285,12.13,14.1,41.1,,2.81,77.69,0.791
TUR,Asia,Turkey,25/01,,0,,,0,,,0,,,0,,,,,,,,,,,,,,,,,,,,2.78,84339067,104.914,31.6,8.153,5.061,25129.341,0.2,171.285,12.13,14.1,41.1,,2.81,77.69,0.791
TUR,Asia,Turkey,26/01,,0,,,0,,,0,,,0,,,,,,,,,,,,,,,,,,,,2.78,84339067,104.914,31.6,8.153,5.061,25129.341,0.2,171.285,12.13,14.1,41.1,,2.81,77.69,0.791
TUR,Asia,Turkey,27/01,,0,,,0,,,0,,,0,,,,,,,,,,,,,,,,,,,,2.78,84339067,104.914,31.6,8.153,5.061,25129.341,0.2,171.285,12.13,14.1,41.1,,2.81,77.69,0.791
TUR,Asia,Turkey,28/01,,0,0,,0,0,,0,0,,0,0,,,,,,,,,,,,,,,,,,,2.78,84339067,104.914,31.6,8.153,5.061,25129.341,0.2,171.285,12.13,14.1,41.1,,2.81,77.69,0.791
TUR,Asia,Turkey,29/01,,0,0,,0,0,,0,0,,0,0,,,,,,,,,,,,,,,,,,,2.78,84339067,104.914,31.6,8.153,5.061,25129.341,0.2,171.285,12.13,14.1,41.1,,2.81,77.69,0.791
TUR,Asia,Turkey,30/01,,0,0,,0,0,,0,0,,0,0,,,,,,,,,,,,,,,,,,,2.78,84339067,104.914,31.6,8.153,5.061,25129.341,0.2,171.285,12.13,14.1,41.1,,2.81,77.69,0.791
TUR,Asia,Turkey,31/01,,0,0,,0,0,,0,0,,0,0,,,,,,,,,,,,,,,,,,,2.78,84339067,104.914,31.6,8.153,5.061,25129.341,0.2,171.285,12.13,14.1,41.1,,2.81,77.69,0.791
TUR,Asia,Turkey,01/02,,0,0,,0,0,,0,0,,0,0,,,,,,,,,,,,,,,,,,,2.78,84339067,104.914,31.6,8.153,5.061,25129.341,0.2,171.285,12.13,14.1,41.1,,2.81,77.69,0.791
TUR,Asia,Turkey,02/02,,0,0,,0,0,,0,0,,0,0,,,,,,,,,,,,,,,,,,,2.78,84339067,104.914,31.6,8.153,5.061,25129.341,0.2,171.285,12.13,14.1,41.1,,2.81,77.69,0.791
TUR,Asia,Turkey,03/02,,0,0,,0,0,,0,0,,0,0,,,,,,,,,,,,,,,,,,,2.78,84339067,104.914,31.6,8.153,5.061,25129.341,0.2,171.285,12.13,14.1,41.1,,2.81,77.69,0.791
TUR,Asia,Turkey,04/02,,0,0,,0,0,,0,0,,0,0,,,,,,,,,,,,,,,,,,,2.78,84339067,104.914,31.6,8.153,5.061,25129.341,0.2,171.285,12.13,14.1,41.1,,2.81,77.69,0.791
TUR,Asia,Turkey,05/02,,0,0,,0,0,,0,0,,0,0,,,,,,,,,,,,,,,,,,,8.33,84339067,104.914,31.6,8.153,5.061,25129.341,0.2,171.285,12.13,14.1,41.1,,2.81,77.69,0.791
TUR,Asia,Turkey,06/02,,0,0,,0,0,,0,0,,0,0,,,,,,,,,,,,,,,,,,,8.33,84339067,104.914,31.6,8.153,5.061,25129.341,0.2,171.285,12.13,14.1,41.1,,2.81,77.69,0.791
TUR,Asia,Turkey,07/02,,0,0,,0,0,,0,0,,0,0,,,,,,,,,,,,,,,,,,,19.44,84339067,104.914,31.6,8.153,5.061,25129.341,0.2,171.285,12.13,14.1,41.1,,2.81,77.69,0.791
TUR,Asia,Turkey,08/02,,0,0,,0,0,,0,0,,0,0,,,,,,,,,,,,,,,,,,,19.44,84339067,104.914,31.6,8.153,5.061,25129.341,0.2,171.285,12.13,14.1,41.1,,2.81,77.69,0.791
TUR,Asia,Turkey,09/02,,0,0,,0,0,,0,0,,0,0,,,,,,,,,,,,,,,,,,,19.44,84339067,104.914,31.6,8.153,5.061,25129.341,0.2,171.285,12.13,14.1,41.1,,2.81,77.69,0.791
TUR,Asia,Turkey,10/02,,0,0,,0,0,,0,0,,0,0,,,,,,,,,,,,,,,,,,,19.44,84339067,104.914,31.6,8.153,5.061,25129.341,0.2,171.285,12.13,14.1,41.1,,2.81,77.69,0.791
TUR,Asia,Turkey,11/02,,0,0,,0,0,,0,0,,0,0,,,,,,,,,,,,,,,,,,,19.44,84339067,104.914,31.6,8.153,5.061,25129.341,0.2,171.285,12.13,14.1,41.1,,2.81,77.69,0.791
TUR,Asia,Turkey,12/02,,0,0,,0,0,,0,0,,0,0,,,,,,,,,,,,,,,,,,,19.44,84339067,104.914,31.6,8.153,5.061,25129.341,0.2,171.285,12.13,14.1,41.1,,2.81,77.69,0.791
TUR,Asia,Turkey,13/02,,0,0,,0,0,,0,0,,0,0,,,,,,,,,,,,,,,,,,,19.44,84339067,104.914,31.6,8.153,5.061,25129.341,0.2,171.285,12.13,14.1,41.1,,2.81,77.69,0.791
TUR,Asia,Turkey,14/02,,0,0,,0,0,,0,0,,0,0,,,,,,,,,,,,,,,,,,,19.44,84339067,104.914,31.6,8.153,5.061,25129.341,0.2,171.285,12.13,14.1,41.1,,2.81,77.69,0.791
TUR,Asia,Turkey,15/02,,0,0,,0,0,,0,0,,0,0,,,,,,,,,,,,,,,,,,,19.44,84339067,104.914,31.6,8.153,5.061,25129.341,0.2,171.285,12.13,14.1,41.1,,2.81,77.69,0.791
TUR,Asia,Turkey,16/02,,0,0,,0,0,,0,0,,0,0,,,,,,,,,,,,,,,,,,,19.44,84339067,104.914,31.6,8.153,5.061,25129.341,0.2,171.285,12.13,14.1,41.1,,2.81,77.69,0.791
TUR,Asia,Turkey,17/02,,0,0,,0,0,,0,0,,0,0,,,,,,,,,,,,,,,,,,,19.44,84339067,104.914,31.6,8.153,5.061,25129.341,0.2,171.285,12.13,14.1,41.1,,2.81,77.69,0.791
TUR,Asia,Turkey,18/02,,0,0,,0,0,,0,0,,0,0,,,,,,,,,,,,,,,,,,,19.44,84339067,104.914,31.6,8.153,5.061,25129.341,0.2,171.285,12.13,14.1,41.1,,2.81,77.69,0.791
TUR,Asia,Turkey,19/02,,0,0,,0,0,,0,0,,0,0,,,,,,,,,,,,,,,,,,,19.44,84339067,104.914,31.6,8.153,5.061,25129.341,0.2,171.285,12.13,14.1,41.1,,2.81,77.69,0.791
TUR,Asia,Turkey,20/02,,0,0,,0,0,,0,0,,0,0,,,,,,,,,,,,,,,,,,,19.44,84339067,104.914,31.6,8.153,5.061,25129.341,0.2,171.285,12.13,14.1,41.1,,2.81,77.69,0.791
TUR,Asia,Turkey,21/02,,0,0,,0,0,,0,0,,0,0,,,,,,,,,,,,,,,,,,,19.44,84339067,104.914,31.6,8.153,5.061,25129.341,0.2,171.285,12.13,14.1,41.1,,2.81,77.69,0.791
TUR,Asia,Turkey,22/02,,0,0,,0,0,,0,0,,0,0,,,,,,,,,,,,,,,,,,,19.44,84339067,104.914,31.6,8.153,5.061,25129.341,0.2,171.285,12.13,14.1,41.1,,2.81,77.69,0.791
TUR,Asia,Turkey,23/02,,0,0,,0,0,,0,0,,0,0,,,,,,,,,,,,,,,,,,,19.44,84339067,104.914,31.6,8.153,5.061,25129.341,0.2,171.285,12.13,14.1,41.1,,2.81,77.69,0.791
TUR,Asia,Turkey,24/02,,0,0,,0,0,,0,0,,0,0,,,,,,,,,,,,,,,,,,,19.44,84339067,104.914,31.6,8.153,5.061,25129.341,0.2,171.285,12.13,14.1,41.1,,2.81,77.69,0.791
TUR,Asia,Turkey,25/02,,0,0,,0,0,,0,0,,0,0,,,,,,,,,,,,,,,,,,,19.44,84339067,104.914,31.6,8.153,5.061,25129.341,0.2,171.285,12.13,14.1,41.1,,2.81,77.69,0.791
TUR,Asia,Turkey,26/02,,0,0,,0,0,,0,0,,0,0,,,,,,,,,,,,,,,,,,,19.44,84339067,104.914,31.6,8.153,5.061,25129.341,0.2,171.285,12.13,14.1,41.1,,2.81,77.69,0.791
TUR,Asia,Turkey,27/02,,0,0,,0,0,,0,0,,0,0,,,,,,,,,,,,,,,,,,,19.44,84339067,104.914,31.6,8.153,5.061,25129.341,0.2,171.285,12.13,14.1,41.1,,2.81,77.69,0.791
TUR,Asia,Turkey,28/02,,0,0,,0,0,,0,0,,0,0,,,,,,,,,,,,,,,,,,,19.44,84339067,104.914,31.6,8.153,5.061,25129.341,0.2,171.285,12.13,14.1,41.1,,2.81,77.69,0.791
TUR,Asia,Turkey,29/02,,0,0,,0,0,,0,0,,0,0,,,,,,,,,,,,,,,,,,,19.44,84339067,104.914,31.6,8.153,5.061,25129.341,0.2,171.285,12.13,14.1,41.1,,2.81,77.69,0.791
TUR,Asia,Turkey,01/03,,0,0,,0,0,,0,0,,0,0,,,,,,,,,,,,,,,,,,,19.44,84339067,104.914,31.6,8.153,5.061,25129.341,0.2,171.285,12.13,14.1,41.1,,2.81,77.69,0.791
TUR,Asia,Turkey,02/03,,0,0,,0,0,,0,0,,0,0,,,,,,,,,,,,,,,,,,,19.44,84339067,104.914,31.6,8.153,5.061,25129.341,0.2,171.285,12.13,14.1,41.1,,2.81,77.69,0.791
TUR,Asia,Turkey,03/03,,0,0,,0,0,,0,0,,0,0,,,,,,,,,,,,,,,,,,,19.44,84339067,104.914,31.6,8.153,5.061,25129.341,0.2,171.285,12.13,14.1,41.1,,2.81,77.69,0.791
TUR,Asia,Turkey,04/03,,0,0,,0,0,,0,0,,0,0,,,,,,,,,,,,,,,,,,,19.44,84339067,104.914,31.6,8.153,5.061,25129.341,0.2,171.285,12.13,14.1,41.1,,2.81,77.69,0.791
TUR,Asia,Turkey,05/03,,0,0,,0,0,,0,0,,0,0,,,,,,,,,,,,,,,,,,,19.44,84339067,104.914,31.6,8.153,5.061,25129.341,0.2,171.285,12.13,14.1,41.1,,2.81,77.69,0.791
TUR,Asia,Turkey,06/03,,0,0,,0,0,,0,0,,0,0,,,,,,,,,,,,,,,,,,,19.44,84339067,104.914,31.6,8.153,5.061,25129.341,0.2,171.285,12.13,14.1,41.1,,2.81,77.69,0.791
TUR,Asia,Turkey,07/03,,0,0,,0,0,,0,0,,0,0,,,,,,,,,,,,,,,,,,,19.44,84339067,104.914,31.6,8.153,5.061,25129.341,0.2,171.285,12.13,14.1,41.1,,2.81,77.69,0.791
TUR,Asia,Turkey,08/03,,0,0,,0,0,,0,0,,0,0,,,,,,,,,,,,,,,,,,,19.44,84339067,104.914,31.6,8.153,5.061,25129.341,0.2,171.285,12.13,14.1,41.1,,2.81,77.69,0.791
TUR,Asia,Turkey,09/03,,0,0,,0,0,,0,0,,0,0,,,,,,,,,,,,,,,,,,,23.15,84339067,104.914,31.6,8.153,5.061,25129.341,0.2,171.285,12.13,14.1,41.1,,2.81,77.69,0.791
TUR,Asia,Turkey,10/03,,0,0,,0,0,,0,0,,0,0,,,,,,,,,,,,,,,,,,,23.15,84339067,104.914,31.6,8.153,5.061,25129.341,0.2,171.285,12.13,14.1,41.1,,2.81,77.69,0.791
TUR,Asia,Turkey,11/03,1,1,0.143,,0,0,0.012,0.012,0.002,,0,0,,,,,,,,,,,,,,,,,,,23.15,84339067,104.914,31.6,8.153,5.061,25129.341,0.2,171.285,12.13,14.1,41.1,,2.81,77.69,0.791
TUR,Asia,Turkey,12/03,1,0,0.143,,0,0,0.012,0,0.002,,0,0,,,,,,,,,,,,,,,,,,,23.15,84339067,104.914,31.6,8.153,5.061,25129.341,0.2,171.285,12.13,14.1,41.1,,2.81,77.69,0.791
TUR,Asia,Turkey,13/03,5,4,0.714,,0,0,0.059,0.047,0.008,,0,0,,,,,,,,,,,,,,,,,,,23.15,84339067,104.914,31.6,8.153,5.061,25129.341,0.2,171.285,12.13,14.1,41.1,,2.81,77.69,0.791
TUR,Asia,Turkey,14/03,5,0,0.714,,0,0,0.059,0,0.008,,0,0,,,,,,,,,,,,,,,,,,,23.15,84339067,104.914,31.6,8.153,5.061,25129.341,0.2,171.285,12.13,14.1,41.1,,2.81,77.69,0.791
TUR,Asia,Turkey,15/03,6,1,0.857,,0,0,0.071,0.012,0.01,,0,0,,,,,,,,,,,,,,,,,,,23.15,84339067,104.914,31.6,8.153,5.061,25129.341,0.2,171.285,12.13,14.1,41.1,,2.81,77.69,0.791
TUR,Asia,Turkey,16/03,18,12,2.571,,0,0,0.213,0.142,0.03,,0,0,,,,,,,,,,,,,,,,,,,52.78,84339067,104.914,31.6,8.153,5.061,25129.341,0.2,171.285,12.13,14.1,41.1,,2.81,77.69,0.791
TUR,Asia,Turkey,17/03,47,29,6.714,1,1,0.143,0.557,0.344,0.08,0.012,0.012,0.002,,,,,,,,,,,,,,,,,,,52.78,84339067,104.914,31.6,8.153,5.061,25129.341,0.2,171.285,12.13,14.1,41.1,,2.81,77.69,0.791
TUR,Asia,Turkey,18/03,98,51,13.857,1,0,0.143,1.162,0.605,0.164,0.012,0,0.002,,,,,,,,,,,,,,,,,,,58.33,84339067,104.914,31.6,8.153,5.061,25129.341,0.2,171.285,12.13,14.1,41.1,,2.81,77.69,0.791
TUR,Asia,Turkey,19/03,192,94,27.286,3,2,0.429,2.277,1.115,0.324,0.036,0.024,0.005,,,,,,,,,,,,,,,,,,,58.33,84339067,104.914,31.6,8.153,5.061,25129.341,0.2,171.285,12.13,14.1,41.1,,2.81,77.69,0.791
TUR,Asia,Turkey,20/03,359,167,50.571,4,1,0.571,4.257,1.98,0.6,0.047,0.012,0.007,6.13,,,,,,,,,,,,,,,,,,58.33,84339067,104.914,31.6,8.153,5.061,25129.341,0.2,171.285,12.13,14.1,41.1,,2.81,77.69,0.791
TUR,Asia,Turkey,21/03,670,311,95,9,5,1.286,7.944,3.687,1.126,0.107,0.059,0.015,6.35,,,,,,,,,,,,,,,,,,62.04,84339067,104.914,31.6,8.153,5.061,25129.341,0.2,171.285,12.13,14.1,41.1,,2.81,77.69,0.791
TUR,Asia,Turkey,22/03,1236,566,175.714,30,21,4.286,14.655,6.711,2.083,0.356,0.249,0.051,5.88,,,,,,,,,,,,,,,,,,62.04,84339067,104.914,31.6,8.153,5.061,25129.341,0.2,171.285,12.13,14.1,41.1,,2.81,77.69,0.791
TUR,Asia,Turkey,23/03,1529,293,215.857,37,7,5.286,18.129,3.474,2.559,0.439,0.083,0.063,2.71,,,,,,,,,,,,,,,,,,62.04,84339067,104.914,31.6,8.153,5.061,25129.341,0.2,171.285,12.13,14.1,41.1,,2.81,77.69,0.791
TUR,Asia,Turkey,24/03,1872,343,260.714,44,7,6.143,22.196,4.067,3.091,0.522,0.083,0.073,2.33,,,,,,,,,,,,,,,,,,67.59,84339067,104.914,31.6,8.153,5.061,25129.341,0.2,171.285,12.13,14.1,41.1,,2.81,77.69,0.791
TUR,Asia,Turkey,25/03,2433,561,333.571,59,15,8.286,28.848,6.652,3.955,0.7,0.178,0.098,3.04,,,,,,,,,,,,,,,,,,67.59,84339067,104.914,31.6,8.153,5.061,25129.341,0.2,171.285,12.13,14.1,41.1,,2.81,77.69,0.791
TUR,Asia,Turkey,26/03,3629,1196,491,75,16,10.286,43.029,14.181,5.822,0.889,0.19,0.122,4.46,,,,,,,,,,,,,,,,,,67.59,84339067,104.914,31.6,8.153,5.061,25129.341,0.2,171.285,12.13,14.1,41.1,,2.81,77.69,0.791
TUR,Asia,Turkey,27/03,5698,2069,762.714,92,17,12.571,67.561,24.532,9.043,1.091,0.202,0.149,4.77,,,,,,,,,47823,7533,0.567,0.089,,,,,tests performed,70.37,84339067,104.914,31.6,8.153,5.061,25129.341,0.2,171.285,12.13,14.1,41.1,,2.81,77.69,0.791
TUR,Asia,Turkey,28/03,7402,1704,961.714,108,16,14.143,87.765,20.204,11.403,1.281,0.19,0.168,3.03,,,,,,,,,55464,7641,0.658,0.091,,,,,tests performed,75.93,84339067,104.914,31.6,8.153,5.061,25129.341,0.2,171.285,12.13,14.1,41.1,,2.81,77.69,0.791
TUR,Asia,Turkey,29/03,9217,1815,1140.143,131,23,14.429,109.285,21.52,13.519,1.553,0.273,0.171,2.4,,,,,,,,,65446,9982,0.776,0.118,,,,,tests performed,75.93,84339067,104.914,31.6,8.153,5.061,25129.341,0.2,171.285,12.13,14.1,41.1,,2.81,77.69,0.791
TUR,Asia,Turkey,30/03,10827,1610,1328.286,168,37,18.714,128.375,19.09,15.749,1.992,0.439,0.222,1.98,,,,,,,,,76981,11535,0.913,0.137,,,,,tests performed,75.93,84339067,104.914,31.6,8.153,5.061,25129.341,0.2,171.285,12.13,14.1,41.1,,2.81,77.69,0.791
TUR,Asia,Turkey,31/03,13531,2704,1665.571,214,46,24.286,160.436,32.061,19.749,2.537,0.545,0.288,2.37,,,,,,,,,92403,15422,1.096,0.183,,,,,tests performed,75.93,84339067,104.914,31.6,8.153,5.061,25129.341,0.2,171.285,12.13,14.1,41.1,,2.81,77.69,0.791
TUR,Asia,Turkey,01/04,15679,2148,1892.286,277,63,31.143,185.904,25.469,22.437,3.284,0.747,0.369,1.84,,,,,,,,,106799,14396,1.266,0.171,,,,,tests performed,75.93,84339067,104.914,31.6,8.153,5.061,25129.341,0.2,171.285,12.13,14.1,41.1,,2.81,77.69,0.791
TUR,Asia,Turkey,02/04,18135,2456,2072.286,356,79,40.143,215.025,29.121,24.571,4.221,0.937,0.476,1.79,,,,,,,,,125556,18757,1.489,0.222,,,,,tests performed,75.93,84339067,104.914,31.6,8.153,5.061,25129.341,0.2,171.285,12.13,14.1,41.1,,2.81,77.69,0.791
TUR,Asia,Turkey,03/04,20921,2786,2174.714,425,69,47.571,248.058,33.033,25.785,5.039,0.818,0.564,1.79,,,,,,,,,141716,16160,1.68,0.192,13413,0.159,0.162,6.2,tests performed,75.93,84339067,104.914,31.6,8.153,5.061,25129.341,0.2,171.285,12.13,14.1,41.1,,2.81,77.69,0.791
TUR,Asia,Turkey,04/04,23934,3013,2361.714,501,76,56.143,283.783,35.725,28.003,5.94,0.901,0.666,1.74,,,,,,,,,161380,19664,1.913,0.233,15131,0.179,0.156,6.4,tests performed,75.93,84339067,104.914,31.6,8.153,5.061,25129.341,0.2,171.285,12.13,14.1,41.1,,2.81,77.69,0.791
TUR,Asia,Turkey,05/04,27069,3135,2550.286,574,73,63.286,320.954,37.171,30.238,6.806,0.866,0.75,1.65,,,,,,,,,181445,20065,2.151,0.238,16571,0.196,0.154,6.5,tests performed,75.93,84339067,104.914,31.6,8.153,5.061,25129.341,0.2,171.285,12.13,14.1,41.1,,2.81,77.69,0.791
TUR,Asia,Turkey,06/04,30217,3148,2770,649,75,68.714,358.28,37.326,32.844,7.695,0.889,0.815,1.57,,,,,,,,,202845,21400,2.405,0.254,17981,0.213,0.154,6.5,tests performed,75.93,84339067,104.914,31.6,8.153,5.061,25129.341,0.2,171.285,12.13,14.1,41.1,,2.81,77.69,0.791
TUR,Asia,Turkey,07/04,34109,3892,2939.714,725,76,73,404.427,46.147,34.856,8.596,0.901,0.866,1.69,,,,,,,,,222868,20023,2.643,0.237,18638,0.221,0.158,6.3,tests performed,75.93,84339067,104.914,31.6,8.153,5.061,25129.341,0.2,171.285,12.13,14.1,41.1,,2.81,77.69,0.791
TUR,Asia,Turkey,08/04,38226,4117,3221,812,87,76.429,453.242,48.815,38.191,9.628,1.032,0.906,1.65,,,,,,,,,247768,24900,2.938,0.295,20138,0.239,0.16,6.3,tests performed,75.93,84339067,104.914,31.6,8.153,5.061,25129.341,0.2,171.285,12.13,14.1,41.1,,2.81,77.69,0.791
TUR,Asia,Turkey,09/04,42282,4056,3449.571,908,96,78.857,501.334,48.092,40.901,10.766,1.138,0.935,1.55,,,,,,,,,276346,28578,3.277,0.339,21541,0.255,0.16,6.2,tests performed,75.93,84339067,104.914,31.6,8.153,5.061,25129.341,0.2,171.285,12.13,14.1,41.1,,2.81,77.69,0.791
TUR,Asia,Turkey,10/04,47029,4747,3729.714,1006,98,83,557.618,56.285,44.223,11.928,1.162,0.984,1.61,,,,,,,,,307210,30864,3.643,0.366,23642,0.28,0.158,6.3,tests performed,75.93,84339067,104.914,31.6,8.153,5.061,25129.341,0.2,171.285,12.13,14.1,41.1,,2.81,77.69,0.791
TUR,Asia,Turkey,11/04,52167,5138,4033.286,1101,95,85.714,618.539,60.921,47.822,13.054,1.126,1.016,1.58,,,,,,,,,340380,33170,4.036,0.393,25571,0.303,0.158,6.3,tests performed,77.78,84339067,104.914,31.6,8.153,5.061,25129.341,0.2,171.285,12.13,14.1,41.1,,2.81,77.69,0.791
TUR,Asia,Turkey,12/04,56956,4789,4269.571,1198,97,89.143,675.322,56.783,50.624,14.205,1.15,1.057,1.38,,,,,,,,,376100,35720,4.459,0.424,27808,0.33,0.154,6.5,tests performed,77.78,84339067,104.914,31.6,8.153,5.061,25129.341,0.2,171.285,12.13,14.1,41.1,,2.81,77.69,0.791
TUR,Asia,Turkey,13/04,61049,4093,4404.571,1296,98,92.429,723.852,48.53,52.225,15.367,1.162,1.096,1.17,,,,,,,,,410556,34456,4.868,0.409,29673,0.352,0.148,6.7,tests performed,75.93,84339067,104.914,31.6,8.153,5.061,25129.341,0.2,171.285,12.13,14.1,41.1,,2.81,77.69,0.791
TUR,Asia,Turkey,14/04,65111,4062,4428.857,1403,107,96.857,772.015,48.163,52.513,16.635,1.269,1.148,1.12,,,,,,,,,443626,33070,5.26,0.392,31537,0.374,0.14,7.1,tests performed,75.93,84339067,104.914,31.6,8.153,5.061,25129.341,0.2,171.285,12.13,14.1,41.1,,2.81,77.69,0.791
TUR,Asia,Turkey,15/04,69392,4281,4452.286,1518,115,100.857,822.774,50.759,52.79,17.999,1.364,1.196,1.15,,,,,,,,,477716,34090,5.664,0.404,32850,0.389,0.136,7.4,tests performed,75.93,84339067,104.914,31.6,8.153,5.061,25129.341,0.2,171.285,12.13,14.1,41.1,,2.81,77.69,0.791
TUR,Asia,Turkey,16/04,74193,4801,4558.714,1643,125,105,879.699,56.925,54.052,19.481,1.482,1.245,1.21,,,,,,,,,518143,40427,6.144,0.479,34542,0.41,0.132,7.6,tests performed,75.93,84339067,104.914,31.6,8.153,5.061,25129.341,0.2,171.285,12.13,14.1,41.1,,2.81,77.69,0.791
TUR,Asia,Turkey,17/04,78546,4353,4502.429,1769,126,109,931.312,51.613,53.385,20.975,1.494,1.292,1.1,,,,,,,,,558413,40270,6.621,0.477,35886,0.425,0.125,8,tests performed,75.93,84339067,104.914,31.6,8.153,5.061,25129.341,0.2,171.285,12.13,14.1,41.1,,2.81,77.69,0.791
TUR,Asia,Turkey,18/04,82329,3783,4308.857,1890,121,112.714,976.167,44.855,51.09,22.41,1.435,1.336,0.98,,,,,,,,,598933,40520,7.101,0.48,36936,0.438,0.117,8.6,tests performed,77.78,84339067,104.914,31.6,8.153,5.061,25129.341,0.2,171.285,12.13,14.1,41.1,,2.81,77.69,0.791
TUR,Asia,Turkey,19/04,86306,3977,4192.857,2017,127,117,1023.322,47.155,49.714,23.915,1.506,1.387,1.02,,,,,,,,,634277,35344,7.521,0.419,36882,0.437,0.114,8.8,tests performed,77.78,84339067,104.914,31.6,8.153,5.061,25129.341,0.2,171.285,12.13,14.1,41.1,,2.81,77.69,0.791
TUR,Asia,Turkey,20/04,90980,4674,4275.857,2140,123,120.571,1078.741,55.419,50.698,25.374,1.458,1.43,1.12,,,,,,,,,673980,39703,7.991,0.471,37632,0.446,0.114,8.8,tests performed,75.93,84339067,104.914,31.6,8.153,5.061,25129.341,0.2,171.285,12.13,14.1,41.1,,2.81,77.69,0.791
TUR,Asia,Turkey,21/04,95591,4611,4354.286,2259,119,122.286,1133.413,54.672,51.628,26.785,1.411,1.45,1.07,,,,,,,,,713409,39429,8.459,0.468,38540,0.457,0.113,8.9,tests performed,75.93,84339067,104.914,31.6,8.153,5.061,25129.341,0.2,171.285,12.13,14.1,41.1,,2.81,77.69,0.791
TUR,Asia,Turkey,22/04,98674,3083,4183.143,2376,117,122.571,1169.968,36.555,49.599,28.172,1.387,1.453,0.81,,,,,,,,,750944,37535,8.904,0.445,39033,0.463,0.107,9.3,tests performed,75.93,84339067,104.914,31.6,8.153,5.061,25129.341,0.2,171.285,12.13,14.1,41.1,,2.81,77.69,0.791
TUR,Asia,Turkey,23/04,101790,3116,3942.429,2491,115,121.143,1206.914,36.946,46.745,29.536,1.364,1.436,0.79,,,,,,,,,791906,40962,9.39,0.486,39109,0.464,0.101,9.9,tests performed,75.93,84339067,104.914,31.6,8.153,5.061,25129.341,0.2,171.285,12.13,14.1,41.1,,2.81,77.69,0.791
TUR,Asia,Turkey,24/04,104912,3122,3766.571,2600,109,118.714,1243.931,37.017,44.66,30.828,1.292,1.408,0.79,,,,,,,,,830257,38351,9.844,0.455,38835,0.46,0.097,10.3,tests performed,75.93,84339067,104.914,31.6,8.153,5.061,25129.341,0.2,171.285,12.13,14.1,41.1,,2.81,77.69,0.791
TUR,Asia,Turkey,25/04,107773,2861,3634.857,2706,106,116.571,1277.854,33.923,43.098,32.085,1.257,1.382,0.75,,,,,,,,,868565,38308,10.298,0.454,38519,0.457,0.094,10.6,tests performed,75.93,84339067,104.914,31.6,8.153,5.061,25129.341,0.2,171.285,12.13,14.1,41.1,,2.81,77.69,0.791
TUR,Asia,Turkey,26/04,110130,2357,3403.429,2805,99,112.571,1305.801,27.947,40.354,33.259,1.174,1.335,0.67,,,,,,,,,898742,30177,10.656,0.358,37781,0.448,0.09,11.1,tests performed,75.93,84339067,104.914,31.6,8.153,5.061,25129.341,0.2,171.285,12.13,14.1,41.1,,2.81,77.69,0.791
TUR,Asia,Turkey,27/04,112261,2131,3040.143,2900,95,108.571,1331.068,25.267,36.047,34.385,1.126,1.287,0.65,,,,,,,,,918885,20143,10.895,0.239,34986,0.415,0.087,11.5,tests performed,75.93,84339067,104.914,31.6,8.153,5.061,25129.341,0.2,171.285,12.13,14.1,41.1,,2.81,77.69,0.791
TUR,Asia,Turkey,28/04,114653,2392,2723.143,2992,92,104.714,1359.429,28.362,32.288,35.476,1.091,1.242,0.74,,,,,,,,,948115,29230,11.242,0.347,33529,0.398,0.081,12.3,tests performed,75.93,84339067,104.914,31.6,8.153,5.061,25129.341,0.2,171.285,12.13,14.1,41.1,,2.81,77.69,0.791
TUR,Asia,Turkey,29/04,117589,2936,2702.143,3081,89,100.714,1394.241,34.812,32.039,36.531,1.055,1.194,0.88,,,,,,,,,991613,43498,11.757,0.516,34381,0.408,0.079,12.7,tests performed,75.93,84339067,104.914,31.6,8.153,5.061,25129.341,0.2,171.285,12.13,14.1,41.1,,2.81,77.69,0.791
TUR,Asia,Turkey,30/04,120204,2615,2630.571,3174,93,97.571,1425.247,31.006,31.19,37.634,1.103,1.157,0.83,,,,,,,,,1033617,42004,12.255,0.498,34530,0.409,0.076,13.1,tests performed,75.93,84339067,104.914,31.6,8.153,5.061,25129.341,0.2,171.285,12.13,14.1,41.1,,2.81,77.69,0.791
TUR,Asia,Turkey,01/05,122392,2188,2497.143,3258,84,94,1451.19,25.943,29.608,38.63,0.996,1.115,0.73,,,,,,,,,1075048,41431,12.747,0.491,34970,0.415,0.071,14,tests performed,75.93,84339067,104.914,31.6,8.153,5.061,25129.341,0.2,171.285,12.13,14.1,41.1,,2.81,77.69,0.791
TUR,Asia,Turkey,02/05,124375,1983,2371.714,3336,78,90,1474.702,23.512,28.121,39.555,0.925,1.067,0.68,,,,,,,,,1111366,36318,13.177,0.431,34686,0.411,0.068,14.6,tests performed,75.93,84339067,104.914,31.6,8.153,5.061,25129.341,0.2,171.285,12.13,14.1,41.1,,2.81,77.69,0.791
TUR,Asia,Turkey,03/05,126045,1670,2273.571,3397,61,84.571,1494.503,19.801,26.958,40.278,0.723,1.003,0.62,,,,,,,,,1135367,24001,13.462,0.285,33804,0.401,0.067,14.9,tests performed,75.93,84339067,104.914,31.6,8.153,5.061,25129.341,0.2,171.285,12.13,14.1,41.1,,2.81,77.69,0.791
TUR,Asia,Turkey,04/05,127659,1614,2199.714,3461,64,80.143,1513.64,19.137,26.082,41.037,0.759,0.95,0.64,,,,,,,,,1171138,35771,13.886,0.424,36036,0.427,0.061,16.4,tests performed,75.93,84339067,104.914,31.6,8.153,5.061,25129.341,0.2,171.285,12.13,14.1,41.1,,2.81,77.69,0.791
TUR,Asia,Turkey,05/05,129491,1832,2119.714,3520,59,75.429,1535.362,21.722,25.133,41.736,0.7,0.894,0.75,,,,,,,,,1204421,33283,14.281,0.395,36615,0.434,0.058,17.3,tests performed,75.93,84339067,104.914,31.6,8.153,5.061,25129.341,0.2,171.285,12.13,14.1,41.1,,2.81,77.69,0.791
TUR,Asia,Turkey,06/05,131744,2253,2022.143,3584,64,71.857,1562.076,26.714,23.976,42.495,0.759,0.852,0.89,,,,,,,,,1234724,30303,14.64,0.359,34730,0.412,0.058,17.2,tests performed,75.93,84339067,104.914,31.6,8.153,5.061,25129.341,0.2,171.285,12.13,14.1,41.1,,2.81,77.69,0.791
TUR,Asia,Turkey,07/05,133721,1977,1931,3641,57,66.714,1585.517,23.441,22.896,43.171,0.676,0.791,0.83,,,,,,,,,1265119,30395,15,0.36,33072,0.392,0.058,17.1,tests performed,75.93,84339067,104.914,31.6,8.153,5.061,25129.341,0.2,171.285,12.13,14.1,41.1,,2.81,77.69,0.791
TUR,Asia,Turkey,08/05,135569,1848,1882.429,3689,48,61.571,1607.428,21.912,22.32,43.74,0.569,0.73,0.79,,,,,,,,,1298806,33687,15.4,0.399,31965,0.379,0.059,17,tests performed,75.93,84339067,104.914,31.6,8.153,5.061,25129.341,0.2,171.285,12.13,14.1,41.1,,2.81,77.69,0.791
TUR,Asia,Turkey,09/05,137115,1546,1820,3739,50,57.571,1625.759,18.331,21.58,44.333,0.593,0.683,0.71,,,,,,,,,1334411,35605,15.822,0.422,31864,0.378,0.057,17.5,tests performed,75.93,84339067,104.914,31.6,8.153,5.061,25129.341,0.2,171.285,12.13,14.1,41.1,,2.81,77.69,0.791
TUR,Asia,Turkey,10/05,138657,1542,1801.714,3786,47,55.571,1644.042,18.283,21.363,44.89,0.557,0.659,0.7,,,,,,,,,1370598,36187,16.251,0.429,33604,0.398,0.054,18.7,tests performed,75.93,84339067,104.914,31.6,8.153,5.061,25129.341,0.2,171.285,12.13,14.1,41.1,,2.81,77.69,0.791
TUR,Asia,Turkey,11/05,139771,1114,1730.286,3841,55,54.286,1657.251,13.209,20.516,45.542,0.652,0.644,0.62,,,,,,,,,1403320,32722,16.639,0.388,33169,0.393,0.052,19.2,tests performed,75.93,84339067,104.914,31.6,8.153,5.061,25129.341,0.2,171.285,12.13,14.1,41.1,,2.81,77.69,0.791
TUR,Asia,Turkey,12/05,141475,1704,1712,3894,53,53.429,1677.455,20.204,20.299,46.171,0.628,0.633,0.83,,,,,,,,,1440671,37351,17.082,0.443,33750,0.4,0.051,19.7,tests performed,75.93,84339067,104.914,31.6,8.153,5.061,25129.341,0.2,171.285,12.13,14.1,41.1,,2.81,77.69,0.791
TUR,Asia,Turkey,13/05,143114,1639,1624.286,3952,58,52.571,1696.889,19.433,19.259,46.858,0.688,0.623,0.86,,,,,,,,,1474003,33332,17.477,0.395,34183,0.405,0.048,21,tests performed,75.93,84339067,104.914,31.6,8.153,5.061,25129.341,0.2,171.285,12.13,14.1,41.1,,2.81,77.69,0.791
TUR,Asia,Turkey,14/05,144749,1635,1575.429,4007,55,52.286,1716.275,19.386,18.68,47.511,0.652,0.62,0.88,,,,,,,,,1508824,34821,17.89,0.413,34815,0.413,0.045,22.1,tests performed,75.93,84339067,104.914,31.6,8.153,5.061,25129.341,0.2,171.285,12.13,14.1,41.1,,2.81,77.69,0.791
TUR,Asia,Turkey,15/05,146457,1708,1555.429,4055,48,52.286,1736.526,20.252,18.443,48.08,0.569,0.62,0.91,,,,,,,,,1547389,38565,18.347,0.457,35512,0.421,0.044,22.8,tests performed,75.93,84339067,104.914,31.6,8.153,5.061,25129.341,0.2,171.285,12.13,14.1,41.1,,2.81,77.69,0.791
TUR,Asia,Turkey,16/05,148067,1610,1564.571,4096,41,51,1755.616,19.09,18.551,48.566,0.486,0.605,0.87,,,,,,,,,1589625,42236,18.848,0.501,36459,0.432,0.043,23.3,tests performed,75.93,84339067,104.914,31.6,8.153,5.061,25129.341,0.2,171.285,12.13,14.1,41.1,,2.81,77.69,0.791
TUR,Asia,Turkey,17/05,149435,1368,1539.714,4140,44,50.571,1771.836,16.22,18.256,49.088,0.522,0.6,0.77,,,,,,,,,1624994,35369,19.267,0.419,36342,0.431,0.042,23.6,tests performed,75.93,84339067,104.914,31.6,8.153,5.061,25129.341,0.2,171.285,12.13,14.1,41.1,,2.81,77.69,0.791
TUR,Asia,Turkey,18/05,150593,1158,1546,4171,31,47.143,1785.566,13.73,18.331,49.455,0.368,0.559,0.68,,,,,,,,,1650135,25141,19.565,0.298,35259,0.418,0.044,22.8,tests performed,75.93,84339067,104.914,31.6,8.153,5.061,25129.341,0.2,171.285,12.13,14.1,41.1,,2.81,77.69,0.791
TUR,Asia,Turkey,19/05,151615,1022,1448.571,4199,28,43.571,1797.684,12.118,17.176,49.787,0.332,0.517,0.64,,,,,,,,,1675517,25382,19.866,0.301,33549,0.398,0.043,23.2,tests performed,75.93,84339067,104.914,31.6,8.153,5.061,25129.341,0.2,171.285,12.13,14.1,41.1,,2.81,77.69,0.791
TUR,Asia,Turkey,20/05,152587,972,1353.286,4222,23,38.571,1809.209,11.525,16.046,50.06,0.273,0.457,0.64,,,,,,,,,1696355,20838,20.114,0.247,31765,0.377,0.043,23.5,tests performed,75.93,84339067,104.914,31.6,8.153,5.061,25129.341,0.2,171.285,12.13,14.1,41.1,,2.81,77.69,0.791
TUR,Asia,Turkey,21/05,153548,961,1257,4249,27,34.571,1820.603,11.394,14.904,50.38,0.32,0.41,0.66,,,,,,,,,1729988,33633,20.512,0.399,31595,0.375,0.04,25.1,tests performed,75.93,84339067,104.914,31.6,8.153,5.061,25129.341,0.2,171.285,12.13,14.1,41.1,,2.81,77.69,0.791
TUR,Asia,Turkey,22/05,154500,952,1149,4276,27,31.571,1831.891,11.288,13.624,50.7,0.32,0.374,0.71,,,,,,,,,1767495,37507,20.957,0.445,31444,0.373,0.037,27.4,tests performed,75.93,84339067,104.914,31.6,8.153,5.061,25129.341,0.2,171.285,12.13,14.1,41.1,,2.81,77.69,0.791
TUR,Asia,Turkey,23/05,155686,1186,1088.429,4308,32,30.286,1845.954,14.062,12.905,51.08,0.379,0.359,0.85,,,,,,,,,1807673,40178,21.433,0.476,31150,0.369,0.035,28.6,tests performed,75.93,84339067,104.914,31.6,8.153,5.061,25129.341,0.2,171.285,12.13,14.1,41.1,,2.81,77.69,0.791
TUR,Asia,Turkey,24/05,156827,1141,1056,4340,32,28.571,1859.482,13.529,12.521,51.459,0.379,0.339,0.85,,,,,,,,,1832262,24589,21.725,0.292,29610,0.351,0.036,28,tests performed,75.93,84339067,104.914,31.6,8.153,5.061,25129.341,0.2,171.285,12.13,14.1,41.1,,2.81,77.69,0.791
TUR,Asia,Turkey,25/05,157814,987,1031.571,4369,29,28.286,1871.185,11.703,12.231,51.803,0.344,0.335,0.78,,,,,,,,,1853754,21492,21.98,0.255,29088,0.345,0.035,28.2,tests performed,75.93,84339067,104.914,31.6,8.153,5.061,25129.341,0.2,171.285,12.13,14.1,41.1,,2.81,77.69,0.791
TUR,Asia,Turkey,26/05,158762,948,1021,4397,28,28.286,1882.425,11.24,12.106,52.135,0.332,0.335,0.79,,,,,,,,,1873607,19853,22.215,0.235,28299,0.336,0.036,27.7,tests performed,75.93,84339067,104.914,31.6,8.153,5.061,25129.341,0.2,171.285,12.13,14.1,41.1,,2.81,77.69,0.791
TUR,Asia,Turkey,27/05,159797,1035,1030,4431,34,29.857,1894.697,12.272,12.213,52.538,0.403,0.354,0.87,,,,,,,,,1894650,21043,22.465,0.25,28328,0.336,0.036,27.5,tests performed,75.93,84339067,104.914,31.6,8.153,5.061,25129.341,0.2,171.285,12.13,14.1,41.1,,2.81,77.69,0.791
TUR,Asia,Turkey,28/05,160979,1182,1061.571,4461,30,30.286,1908.712,14.015,12.587,52.894,0.356,0.359,0.97,,,,,,,,,1928209,33559,22.863,0.398,28317,0.336,0.037,26.7,tests performed,75.93,84339067,104.914,31.6,8.153,5.061,25129.341,0.2,171.285,12.13,14.1,41.1,,2.81,77.69,0.791
TUR,Asia,Turkey,29/05,162120,1141,1088.571,4489,28,30.429,1922.241,13.529,12.907,53.226,0.332,0.361,0.94,,,,,,,,,1964364,36155,23.291,0.429,28124,0.333,0.039,25.8,tests performed,75.93,84339067,104.914,31.6,8.153,5.061,25129.341,0.2,171.285,12.13,14.1,41.1,,2.81,77.69,0.791
TUR,Asia,Turkey,30/05,163103,983,1059.571,4515,26,29.571,1933.896,11.655,12.563,53.534,0.308,0.351,0.84,,,,,,,,,2003594,39230,23.756,0.465,27989,0.332,0.038,26.4,tests performed,75.93,84339067,104.914,31.6,8.153,5.061,25129.341,0.2,171.285,12.13,14.1,41.1,,2.81,77.69,0.791
TUR,Asia,Turkey,31/05,163942,839,1016.429,4540,25,28.571,1943.844,9.948,12.052,53.83,0.296,0.339,0.76,,,,,,,,,2039194,35600,24.179,0.422,29562,0.351,0.034,29.1,tests performed,75.93,84339067,104.914,31.6,8.153,5.061,25129.341,0.2,171.285,12.13,14.1,41.1,,2.81,77.69,0.791
TUR,Asia,Turkey,01/06,164769,827,993.571,4563,23,27.714,1953.65,9.806,11.781,54.103,0.273,0.329,0.75,,,,,,,,,2070719,31525,24.552,0.374,30995,0.368,0.032,31.2,tests performed,63.89,84339067,104.914,31.6,8.153,5.061,25129.341,0.2,171.285,12.13,14.1,41.1,,2.81,77.69,0.791
TUR,Asia,Turkey,02/06,165555,786,970.429,4585,22,26.857,1962.969,9.32,11.506,54.364,0.261,0.318,0.76,,,,,,,,,2103044,32325,24.936,0.383,32777,0.389,0.03,33.8,tests performed,63.89,84339067,104.914,31.6,8.153,5.061,25129.341,0.2,171.285,12.13,14.1,41.1,,2.81,77.69,0.791
TUR,Asia,Turkey,03/06,166422,867,946.429,4609,24,25.429,1973.249,10.28,11.222,54.648,0.285,0.302,0.85,,,,,,,,,2155349,52305,25.556,0.62,37243,0.442,0.025,39.4,tests performed,63.89,84339067,104.914,31.6,8.153,5.061,25129.341,0.2,171.285,12.13,14.1,41.1,,2.81,77.69,0.791
TUR,Asia,Turkey,04/06,167410,988,918.714,4630,21,24.143,1984.964,11.715,10.893,54.897,0.249,0.286,0.95,,,,,,,,,2209583,54234,26.199,0.643,40196,0.477,0.023,43.8,tests performed,63.89,84339067,104.914,31.6,8.153,5.061,25129.341,0.2,171.285,12.13,14.1,41.1,,2.81,77.69,0.791
TUR,Asia,Turkey,05/06,168340,930,888.571,4648,18,22.714,1995.991,11.027,10.536,55.111,0.213,0.269,0.93,,,,,,,,,2267412,57829,26.884,0.686,43293,0.513,0.021,48.7,tests performed,63.89,84339067,104.914,31.6,8.153,5.061,25129.341,0.2,171.285,12.13,14.1,41.1,,2.81,77.69,0.791
TUR,Asia,Turkey,06/06,169218,878,873.571,4669,21,22,2006.401,10.41,10.358,55.36,0.249,0.261,0.91,,,,,,,,,2303258,35846,27.31,0.425,42809,0.508,0.02,49,tests performed,63.89,84339067,104.914,31.6,8.153,5.061,25129.341,0.2,171.285,12.13,14.1,41.1,,2.81,77.69,0.791
TUR,Asia,Turkey,07/06,170132,914,884.286,4692,23,21.714,2017.238,10.837,10.485,55.633,0.273,0.257,0.95,,,,,,,,,2338593,35335,27.728,0.419,42771,0.507,0.021,48.4,tests performed,63.89,84339067,104.914,31.6,8.153,5.061,25129.341,0.2,171.285,12.13,14.1,41.1,,2.81,77.69,0.791
TUR,Asia,Turkey,08/06,171121,989,907.429,4711,19,21.143,2028.965,11.726,10.759,55.858,0.225,0.251,1.01,,,,,,,,,2377954,39361,28.195,0.467,43891,0.52,0.021,48.4,tests performed,63.89,84339067,104.914,31.6,8.153,5.061,25129.341,0.2,171.285,12.13,14.1,41.1,,2.81,77.69,0.791
TUR,Asia,Turkey,09/06,172114,993,937,4729,18,20.571,2040.739,11.774,11.11,56.071,0.213,0.244,1.01,,,,,,,,,2415179,37225,28.637,0.441,44591,0.529,0.021,47.6,tests performed,63.89,84339067,104.914,31.6,8.153,5.061,25129.341,0.2,171.285,12.13,14.1,41.1,,2.81,77.69,0.791
TUR,Asia,Turkey,10/06,173036,922,944.857,4746,17,19.571,2051.671,10.932,11.203,56.273,0.202,0.232,0.98,,,,,,,,,2451700,36521,29.07,0.433,42336,0.502,0.022,44.8,tests performed,63.89,84339067,104.914,31.6,8.153,5.061,25129.341,0.2,171.285,12.13,14.1,41.1,,2.81,77.69,0.791
TUR,Asia,Turkey,11/06,174023,987,944.714,4763,17,19,2063.374,11.703,11.201,56.474,0.202,0.225,1.06,,,,,,,,,2500890,49190,29.653,0.583,41615,0.493,0.023,44.1,tests performed,63.89,84339067,104.914,31.6,8.153,5.061,25129.341,0.2,171.285,12.13,14.1,41.1,,2.81,77.69,0.791
TUR,Asia,Turkey,12/06,175218,1195,982.571,4778,15,18.571,2077.543,14.169,11.65,56.652,0.178,0.22,1.23,,,,,,,,,2541903,41013,30.139,0.486,39213,0.465,0.025,39.9,tests performed,63.89,84339067,104.914,31.6,8.153,5.061,25129.341,0.2,171.285,12.13,14.1,41.1,,2.81,77.69,0.791
TUR,Asia,Turkey,13/06,176677,1459,1065.571,4792,14,17.571,2094.842,17.299,12.634,56.818,0.166,0.208,1.41,,,,,,,,,2586995,45092,30.674,0.535,40534,0.481,0.026,38,tests performed,63.89,84339067,104.914,31.6,8.153,5.061,25129.341,0.2,171.285,12.13,14.1,41.1,,2.81,77.69,0.791
TUR,Asia,Turkey,14/06,178239,1562,1158.143,4807,15,16.429,2113.362,18.52,13.732,56.996,0.178,0.195,1.44,,,,,,,,,2632171,45176,31.209,0.536,41940,0.497,0.028,36.2,tests performed,63.89,84339067,104.914,31.6,8.153,5.061,25129.341,0.2,171.285,12.13,14.1,41.1,,2.81,77.69,0.791
TUR,Asia,Turkey,15/06,179831,1592,1244.286,4825,18,16.286,2132.238,18.876,14.753,57.21,0.213,0.193,1.38,,,,,,,,,2674203,42032,31.708,0.498,42321,0.502,0.029,34,tests performed,63.89,84339067,104.914,31.6,8.153,5.061,25129.341,0.2,171.285,12.13,14.1,41.1,,2.81,77.69,0.791
TUR,Asia,Turkey,16/06,181298,1467,1312,4842,17,16.143,2149.633,17.394,15.556,57.411,0.202,0.191,1.24,,,,,,,,,2721003,46800,32.263,0.555,43689,0.518,0.03,33.3,tests performed,63.89,84339067,104.914,31.6,8.153,5.061,25129.341,0.2,171.285,12.13,14.1,41.1,,2.81,77.69,0.791
TUR,Asia,Turkey,17/06,182727,1429,1384.429,4861,19,16.429,2166.576,16.944,16.415,57.636,0.225,0.195,1.15,,,,,,,,,2773904,52901,32.89,0.627,46029,0.546,0.03,33.2,tests performed,63.89,84339067,104.914,31.6,8.153,5.061,25129.341,0.2,171.285,12.13,14.1,41.1,,2.81,77.69,0.791
TUR,Asia,Turkey,18/06,184031,1304,1429.714,4882,21,17,2182.037,15.461,16.952,57.885,0.249,0.202,1.04,,,,,,,,,2822316,48412,33.464,0.574,45918,0.544,0.031,32.1,tests performed,63.89,84339067,104.914,31.6,8.153,5.061,25129.341,0.2,171.285,12.13,14.1,41.1,,2.81,77.69,0.791
TUR,Asia,Turkey,19/06,185245,1214,1432.429,4905,23,18.143,2196.432,14.394,16.984,58.158,0.273,0.215,0.98,,,,,,,,,2863632,41316,33.954,0.49,45961,0.545,0.031,32.1,tests performed,63.89,84339067,104.914,31.6,8.153,5.061,25129.341,0.2,171.285,12.13,14.1,41.1,,2.81,77.69,0.791
TUR,Asia,Turkey,20/06,186493,1248,1402.286,4927,22,19.286,2211.229,14.797,16.627,58.419,0.261,0.229,0.98,,,,,,,,,2904744,41112,34.441,0.487,45393,0.538,0.031,32.4,tests performed,63.89,84339067,104.914,31.6,8.153,5.061,25129.341,0.2,171.285,12.13,14.1,41.1,,2.81,77.69,0.791
TUR,Asia,Turkey,21/06,187685,1192,1349.429,4950,23,20.429,2225.363,14.133,16,58.692,0.273,0.242,0.96,,,,,,,,,2945240,40496,34.921,0.48,44724,0.53,0.03,33.1,tests performed,63.89,84339067,104.914,31.6,8.153,5.061,25129.341,0.2,171.285,12.13,14.1,41.1,,2.81,77.69,0.791
TUR,Asia,Turkey,22/06,188897,1212,1295.143,4974,24,21.286,2239.733,14.371,15.356,58.976,0.285,0.252,0.98,,,,,,,,,2986653,41413,35.412,0.491,44636,0.529,0.029,34.5,tests performed,63.89,84339067,104.914,31.6,8.153,5.061,25129.341,0.2,171.285,12.13,14.1,41.1,,2.81,77.69,0.791
TUR,Asia,Turkey,23/06,190165,1268,1266.714,5001,27,22.714,2254.768,15.035,15.019,59.296,0.32,0.269,1.03,,,,,,,,,3029635,42982,35.922,0.51,44090,0.523,0.029,34.8,tests performed,63.89,84339067,104.914,31.6,8.153,5.061,25129.341,0.2,171.285,12.13,14.1,41.1,,2.81,77.69,0.791
TUR,Asia,Turkey,24/06,191657,1492,1275.714,5025,24,23.429,2272.458,17.69,15.126,59.581,0.285,0.278,1.15,,,,,,,,,3083121,53486,36.556,0.634,44174,0.524,0.029,34.6,tests performed,63.89,84339067,104.914,31.6,8.153,5.061,25129.341,0.2,171.285,12.13,14.1,41.1,,2.81,77.69,0.791
TUR,Asia,Turkey,25/06,193115,1458,1297.714,5046,21,23.429,2289.746,17.287,15.387,59.83,0.249,0.278,1.13,,,,,,,,,3135424,52303,37.176,0.62,44730,0.53,0.029,34.5,tests performed,63.89,84339067,104.914,31.6,8.153,5.061,25129.341,0.2,171.285,12.13,14.1,41.1,,2.81,77.69,0.791
TUR,Asia,Turkey,26/06,194511,1396,1323.714,5065,19,22.857,2306.298,16.552,15.695,60.055,0.225,0.271,1.07,,,,,,,,,3186622,51198,37.783,0.607,46141,0.547,0.029,34.9,tests performed,63.89,84339067,104.914,31.6,8.153,5.061,25129.341,0.2,171.285,12.13,14.1,41.1,,2.81,77.69,0.791
TUR,Asia,Turkey,27/06,195883,1372,1341.429,5082,17,22.143,2322.565,16.268,15.905,60.257,0.202,0.263,1.04,,,,,,,,,3231835,45213,38.32,0.536,46727,0.554,0.029,34.8,tests performed,63.89,84339067,104.914,31.6,8.153,5.061,25129.341,0.2,171.285,12.13,14.1,41.1,,2.81,77.69,0.791
TUR,Asia,Turkey,28/06,197239,1356,1364.857,5097,15,21,2338.643,16.078,16.183,60.435,0.178,0.249,1.02,,,,,,,,,3280144,48309,38.892,0.573,47843,0.567,0.029,35.1,tests performed,63.89,84339067,104.914,31.6,8.153,5.061,25129.341,0.2,171.285,12.13,14.1,41.1,,2.81,77.69,0.791
TUR,Asia,Turkey,29/06,198613,1374,1388,5115,18,20.143,2354.935,16.291,16.457,60.648,0.213,0.239,1.02,,,,,,,,,3331158,51014,39.497,0.605,49215,0.584,0.028,35.5,tests performed,63.89,84339067,104.914,31.6,8.153,5.061,25129.341,0.2,171.285,12.13,14.1,41.1,,2.81,77.69,0.791
TUR,Asia,Turkey,30/06,199906,1293,1391.571,5131,16,18.571,2370.266,15.331,16.5,60.838,0.19,0.22,0.97,,,,,,,,,3381650,50492,40.096,0.599,50288,0.596,0.028,36.1,tests performed,63.89,84339067,104.914,31.6,8.153,5.061,25129.341,0.2,171.285,12.13,14.1,41.1,,2.81,77.69,0.791
TUR,Asia,Turkey,01/07,201098,1192,1348.714,5150,19,17.857,2384.399,14.133,15.992,61.063,0.225,0.212,0.91,,,,,,,,,3433963,52313,40.716,0.62,50120,0.594,0.027,37.2,tests performed,63.89,84339067,104.914,31.6,8.153,5.061,25129.341,0.2,171.285,12.13,14.1,41.1,,2.81,77.69,0.791
TUR,Asia,Turkey,02/07,202284,1186,1309.857,5167,17,17.286,2398.461,14.062,15.531,61.265,0.202,0.205,0.91,,,,,,,,,3483677,49714,41.306,0.589,49750,0.59,0.026,38,tests performed,63.89,84339067,104.914,31.6,8.153,5.061,25129.341,0.2,171.285,12.13,14.1,41.1,,2.81,77.69,0.791
TUR,Asia,Turkey,03/07,203456,1172,1277.857,5186,19,17.286,2412.358,13.896,15.151,61.49,0.225,0.205,0.91,,,,,,,,,3535818,52141,41.924,0.618,49885,0.591,0.026,39,tests performed,63.89,84339067,104.914,31.6,8.153,5.061,25129.341,0.2,171.285,12.13,14.1,41.1,,2.81,77.69,0.791
TUR,Asia,Turkey,04/07,204610,1154,1246.714,5206,20,17.714,2426.041,13.683,14.782,61.727,0.237,0.21,0.9,,,,,,,,,3584066,48248,42.496,0.572,50319,0.597,0.025,40.4,tests performed,63.89,84339067,104.914,31.6,8.153,5.061,25129.341,0.2,171.285,12.13,14.1,41.1,,2.81,77.69,0.791
TUR,Asia,Turkey,05/07,205758,1148,1217,5225,19,18.286,2439.652,13.612,14.43,61.952,0.225,0.217,0.91,,,,,,,,,3630480,46414,43.046,0.55,50048,0.593,0.024,41.1,tests performed,63.89,84339067,104.914,31.6,8.153,5.061,25129.341,0.2,171.285,12.13,14.1,41.1,,2.81,77.69,0.791
TUR,Asia,Turkey,06/07,206844,1086,1175.857,5241,16,18,2452.529,12.877,13.942,62.142,0.19,0.213,0.88,,,,,,,,,3682673,52193,43.665,0.619,50216,0.595,0.023,42.7,tests performed,63.89,84339067,104.914,31.6,8.153,5.061,25129.341,0.2,171.285,12.13,14.1,41.1,,2.81,77.69,0.791
TUR,Asia,Turkey,07/07,207897,1053,1141.571,5260,19,18.429,2465.014,12.485,13.535,62.367,0.225,0.219,0.87,,,,,,,,,3733218,50545,44.264,0.599,50224,0.596,0.023,44,tests performed,63.89,84339067,104.914,31.6,8.153,5.061,25129.341,0.2,171.285,12.13,14.1,41.1,,2.81,77.69,0.791
TUR,Asia,Turkey,08/07,208938,1041,1120,5282,22,18.857,2477.357,12.343,13.28,62.628,0.261,0.224,0.87,,,,,,,,,3782520,49302,44.849,0.585,49794,0.59,0.022,44.5,tests performed,63.89,84339067,104.914,31.6,8.153,5.061,25129.341,0.2,171.285,12.13,14.1,41.1,,2.81,77.69,0.791
TUR,Asia,Turkey,09/07,209962,1024,1096.857,5300,18,19,2489.499,12.141,13.005,62.842,0.213,0.225,0.87,,,,,,,,,3832623,50103,45.443,0.594,49849,0.591,0.022,45.4,tests performed,63.89,84339067,104.914,31.6,8.153,5.061,25129.341,0.2,171.285,12.13,14.1,41.1,,2.81,77.69,0.791
TUR,Asia,Turkey,10/07,210965,1003,1072.714,5323,23,19.571,2501.391,11.892,12.719,63.114,0.273,0.232,0.87,,,,,,,,,3881410,48787,46.021,0.578,49370,0.585,0.022,46,tests performed,63.89,84339067,104.914,31.6,8.153,5.061,25129.341,0.2,171.285,12.13,14.1,41.1,,2.81,77.69,0.791
TUR,Asia,Turkey,11/07,211981,1016,1053,5344,21,19.714,2513.438,12.047,12.485,63.363,0.249,0.234,0.89,,,,,,,,,3930223,48813,46.6,0.579,49451,0.586,0.021,47,tests performed,63.89,84339067,104.914,31.6,8.153,5.061,25129.341,0.2,171.285,12.13,14.1,41.1,,2.81,77.69,0.791
TUR,Asia,Turkey,12/07,212993,1012,1033.571,5363,19,19.714,2525.437,11.999,12.255,63.589,0.225,0.234,0.91,,,,,,,,,3975455,45232,47.137,0.536,49282,0.584,0.021,47.7,tests performed,63.89,84339067,104.914,31.6,8.153,5.061,25129.341,0.2,171.285,12.13,14.1,41.1,,2.81,77.69,0.791
TUR,Asia,Turkey,13/07,214001,1008,1022.429,5382,19,20.143,2537.389,11.952,12.123,63.814,0.225,0.239,0.91,,,,,,,,,4021947,46492,47.688,0.551,48468,0.575,0.021,47.4,tests performed,63.89,84339067,104.914,31.6,8.153,5.061,25129.341,0.2,171.285,12.13,14.1,41.1,,2.81,77.69,0.791
TUR,Asia,Turkey,14/07,214993,992,1013.714,5402,20,20.286,2549.151,11.762,12.02,64.051,0.237,0.241,0.91,,,,,,,,,4065178,43231,48.2,0.513,47423,0.562,0.021,46.8,tests performed,63.89,84339067,104.914,31.6,8.153,5.061,25129.341,0.2,171.285,12.13,14.1,41.1,,2.81,77.69,0.791
TUR,Asia,Turkey,15/07,215940,947,1000.286,5419,17,19.571,2560.379,11.228,11.86,64.253,0.202,0.232,0.89,,,,,,,,,4107498,42320,48.702,0.502,46425,0.55,0.022,46.4,tests performed,63.89,84339067,104.914,31.6,8.153,5.061,25129.341,0.2,171.285,12.13,14.1,41.1,,2.81,77.69,0.791
TUR,Asia,Turkey,16/07,216873,933,987.286,5440,21,20,2571.442,11.062,11.706,64.502,0.249,0.237,0.89,,,,,,,,,4149909,42411,49.205,0.503,45327,0.537,0.022,45.9,tests performed,63.89,84339067,104.914,31.6,8.153,5.061,25129.341,0.2,171.285,12.13,14.1,41.1,,2.81,77.69,0.791
TUR,Asia,Turkey,17/07,217799,926,976.286,5458,18,19.286,2582.421,10.979,11.576,64.715,0.213,0.229,0.89,,,,,,,,,4191124,41215,49.694,0.489,44245,0.525,0.022,45.3,tests performed,63.89,84339067,104.914,31.6,8.153,5.061,25129.341,0.2,171.285,12.13,14.1,41.1,,2.81,77.69,0.791
TUR,Asia,Turkey,18/07,218717,918,962.286,5475,17,18.714,2593.306,10.885,11.41,64.917,0.202,0.222,0.9,,,,,,,,,4232067,40943,50.179,0.485,43121,0.511,0.022,44.8,tests performed,63.89,84339067,104.914,31.6,8.153,5.061,25129.341,0.2,171.285,12.13,14.1,41.1,,2.81,77.69,0.791
TUR,Asia,Turkey,19/07,219641,924,949.714,5491,16,18.286,2604.262,10.956,11.261,65.106,0.19,0.217,0.92,,,,,,,,,4273377,41310,50.669,0.49,42560,0.505,0.022,44.8,tests performed,63.89,84339067,104.914,31.6,8.153,5.061,25129.341,0.2,171.285,12.13,14.1,41.1,,2.81,77.69,0.791
TUR,Asia,Turkey,20/07,220572,931,938.714,5508,17,18,2615.3,11.039,11.13,65.308,0.202,0.213,0.93,,,,,,,,,4316781,43404,51.184,0.515,42119,0.499,0.022,44.9,tests performed,63.89,84339067,104.914,31.6,8.153,5.061,25129.341,0.2,171.285,12.13,14.1,41.1,,2.81,77.69,0.791
TUR,Asia,Turkey,21/07,221500,928,929.571,5526,18,17.714,2626.304,11.003,11.022,65.521,0.213,0.21,0.94,,,,,,,,,4359627,42846,51.692,0.508,42064,0.499,0.022,45.3,tests performed,63.89,84339067,104.914,31.6,8.153,5.061,25129.341,0.2,171.285,12.13,14.1,41.1,,2.81,77.69,0.791
TUR,Asia,Turkey,22/07,222402,902,923.143,5545,19,18,2636.999,10.695,10.946,65.747,0.225,0.213,0.93,,,,,,,,,4403031,43404,52.206,0.515,42219,0.501,0.022,45.7,tests performed,42.59,84339067,104.914,31.6,8.153,5.061,25129.341,0.2,171.285,12.13,14.1,41.1,,2.81,77.69,0.791
TUR,Asia,Turkey,23/07,223315,913,920.286,5563,18,17.571,2647.824,10.825,10.912,65.96,0.213,0.208,0.95,,,,,,,,,4446374,43343,52.72,0.514,42352,0.502,0.022,46,tests performed,42.59,84339067,104.914,31.6,8.153,5.061,25129.341,0.2,171.285,12.13,14.1,41.1,,2.81,77.69,0.791
TUR,Asia,Turkey,24/07,224252,937,921.857,5580,17,17.429,2658.934,11.11,10.93,66.162,0.202,0.207,0.97,,,,,,,,,4489360,42986,53.23,0.51,42605,0.505,0.022,46.2,tests performed,42.59,84339067,104.914,31.6,8.153,5.061,25129.341,0.2,171.285,12.13,14.1,41.1,,2.81,77.69,0.791
TUR,Asia,Turkey,25/07,225173,921,922.286,5596,16,17.286,2669.854,10.92,10.935,66.351,0.19,0.205,0.97,,,,,,,,,4532672,43312,53.743,0.514,42944,0.509,0.021,46.6,tests performed,42.59,84339067,104.914,31.6,8.153,5.061,25129.341,0.2,171.285,12.13,14.1,41.1,,2.81,77.69,0.791
TUR,Asia,Turkey,26/07,226100,927,922.714,5613,17,17.429,2680.845,10.991,10.941,66.553,0.202,0.207,0.98,,,,,,,,,4572688,40016,54.218,0.474,42759,0.507,0.022,46.3,tests performed,42.59,84339067,104.914,31.6,8.153,5.061,25129.341,0.2,171.285,12.13,14.1,41.1,,2.81,77.69,0.791
TUR,Asia,Turkey,27/07,227019,919,921,5630,17,17.429,2691.742,10.896,10.92,66.754,0.202,0.207,0.98,,,,,,,,,4617971,45283,54.755,0.537,43027,0.51,0.021,46.7,tests performed,42.59,84339067,104.914,31.6,8.153,5.061,25129.341,0.2,171.285,12.13,14.1,41.1,,2.81,77.69,0.791
TUR,Asia,Turkey,28/07,227982,963,926,5645,15,17,2703.16,11.418,10.979,66.932,0.178,0.202,1.01,,,,,,,,,4665383,47412,55.317,0.562,43679,0.518,0.021,47.2,tests performed,42.59,84339067,104.914,31.6,8.153,5.061,25129.341,0.2,171.285,12.13,14.1,41.1,,2.81,77.69,0.791
TUR,Asia,Turkey,29/07,228924,942,931.714,5659,14,16.286,2714.329,11.169,11.047,67.098,0.166,0.193,1,,,,,,,,,4711095,45712,55.859,0.542,44009,0.522,0.021,47.2,tests performed,42.59,84339067,104.914,31.6,8.153,5.061,25129.341,0.2,171.285,12.13,14.1,41.1,,2.81,77.69,0.791
TUR,Asia,Turkey,30/07,229891,967,939.429,5674,15,15.857,2725.795,11.466,11.139,67.276,0.178,0.188,1.02,,,,,,,,,4754331,43236,56.372,0.513,43994,0.522,0.021,46.8,tests performed,42.59,84339067,104.914,31.6,8.153,5.061,25129.341,0.2,171.285,12.13,14.1,41.1,,2.81,77.69,0.791
TUR,Asia,Turkey,31/07,230873,982,945.857,5691,17,15.857,2737.438,11.643,11.215,67.478,0.202,0.188,1.03,,,,,,,,,4800823,46492,56.923,0.551,44495,0.528,0.021,47,tests performed,42.59,84339067,104.914,31.6,8.153,5.061,25129.341,0.2,171.285,12.13,14.1,41.1,,2.81,77.69,0.791
TUR,Asia,Turkey,01/08,231869,996,956.571,5710,19,16.286,2749.248,11.809,11.342,67.703,0.225,0.193,1.04,,,,,,,,,4845669,44846,57.455,0.532,44714,0.53,0.021,46.7,tests performed,42.59,84339067,104.914,31.6,8.153,5.061,25129.341,0.2,171.285,12.13,14.1,41.1,,2.81,77.69,0.791
TUR,Asia,Turkey,02/08,232856,987,965.143,5728,18,16.429,2760.951,11.703,11.444,67.916,0.213,0.195,1.04,,,,,,,,,4885916,40247,57.932,0.477,44747,0.531,0.022,46.4,tests performed,42.59,84339067,104.914,31.6,8.153,5.061,25129.341,0.2,171.285,12.13,14.1,41.1,,2.81,77.69,0.791
TUR,Asia,Turkey,03/08,233851,995,976,5747,19,16.714,2772.748,11.798,11.572,68.142,0.225,0.198,1.05,,,,,,,,,4927217,41301,58.422,0.49,44178,0.524,0.022,45.3,tests performed,42.59,84339067,104.914,31.6,8.153,5.061,25129.341,0.2,171.285,12.13,14.1,41.1,,2.81,77.69,0.791
TUR,Asia,Turkey,04/08,234934,1083,993.143,5765,18,17.143,2785.589,12.841,11.776,68.355,0.213,0.203,1.11,,,,,,,,,4973466,46249,58.97,0.548,44012,0.522,0.023,44.3,tests performed,42.59,84339067,104.914,31.6,8.153,5.061,25129.341,0.2,171.285,12.13,14.1,41.1,,2.81,77.69,0.791
TUR,Asia,Turkey,05/08,236112,1178,1026.857,5784,19,17.857,2799.557,13.967,12.175,68.58,0.225,0.212,1.17,,,,,,,,,5027308,53842,59.608,0.638,45173,0.536,0.023,44,tests performed,48.15,84339067,104.914,31.6,8.153,5.061,25129.341,0.2,171.285,12.13,14.1,41.1,,2.81,77.69,0.791
TUR,Asia,Turkey,06/08,237265,1153,1053.429,5798,14,17.714,2813.228,13.671,12.49,68.746,0.166,0.21,1.15,,,,,,,,,5081802,54494,60.254,0.646,46782,0.555,0.023,44.4,tests performed,48.15,84339067,104.914,31.6,8.153,5.061,25129.341,0.2,171.285,12.13,14.1,41.1,,2.81,77.69,0.791
TUR,Asia,Turkey,07/08,238450,1185,1082.429,5813,15,17.429,2827.278,14.05,12.834,68.924,0.178,0.207,1.14,,,,,,,,,5138528,56726,60.927,0.673,48244,0.572,0.022,44.6,tests performed,48.15,84339067,104.914,31.6,8.153,5.061,25129.341,0.2,171.285,12.13,14.1,41.1,,2.81,77.69,0.791
TUR,Asia,Turkey,08/08,239622,1172,1107.571,5829,16,17,2841.174,13.896,13.132,69.114,0.19,0.202,1.12,,,,,,,,,5202370,63842,61.684,0.757,50957,0.604,0.022,46,tests performed,48.15,84339067,104.914,31.6,8.153,5.061,25129.341,0.2,171.285,12.13,14.1,41.1,,2.81,77.69,0.791
TUR,Asia,Turkey,09/08,240804,1182,1135.429,5844,15,16.571,2855.189,14.015,13.463,69.292,0.178,0.196,1.1,,,,,,,,,5263816,61446,62.413,0.729,53986,0.64,0.021,47.5,tests performed,48.15,84339067,104.914,31.6,8.153,5.061,25129.341,0.2,171.285,12.13,14.1,41.1,,2.81,77.69,0.791
TUR,Asia,Turkey,10/08,241997,1193,1163.714,5858,14,15.857,2869.335,14.145,13.798,69.458,0.166,0.188,1.1,,,,,,,,,5326035,62219,63.15,0.738,56974,0.676,0.02,49,tests performed,48.15,84339067,104.914,31.6,8.153,5.061,25129.341,0.2,171.285,12.13,14.1,41.1,,2.81,77.69,0.791
TUR,Asia,Turkey,11/08,243180,1183,1178,5873,15,15.429,2883.361,14.027,13.967,69.636,0.178,0.183,1.08,,,,,,,,,5387751,61716,63.882,0.732,59184,0.702,0.02,50.2,tests performed,48.15,84339067,104.914,31.6,8.153,5.061,25129.341,0.2,171.285,12.13,14.1,41.1,,2.81,77.69,0.791
TUR,Asia,Turkey,12/08,244392,1212,1182.857,5891,18,15.286,2897.732,14.371,14.025,69.849,0.213,0.181,1.09,,,,,,,,,5454988,67237,64.679,0.797,61097,0.724,0.019,51.7,tests performed,48.15,84339067,104.914,31.6,8.153,5.061,25129.341,0.2,171.285,12.13,14.1,41.1,,2.81,77.69,0.791
TUR,Asia,Turkey,13/08,245635,1243,1195.714,5912,21,16.286,2912.47,14.738,14.177,70.098,0.249,0.193,1.09,,,,,,,,,5521880,66892,65.472,0.793,62868,0.745,0.019,52.6,tests performed,48.15,84339067,104.914,31.6,8.153,5.061,25129.341,0.2,171.285,12.13,14.1,41.1,,2.81,77.69,0.791
TUR,Asia,Turkey,14/08,246861,1226,1201.571,5934,22,17.286,2927.007,14.537,14.247,70.359,0.261,0.205,1.08,,,,,,,,,5592072,70192,66.305,0.832,64792,0.768,0.019,53.9,tests performed,48.15,84339067,104.914,31.6,8.153,5.061,25129.341,0.2,171.285,12.13,14.1,41.1,,2.81,77.69,0.791
TUR,Asia,Turkey,15/08,248117,1256,1213.571,5955,21,18,2941.899,14.892,14.389,70.608,0.249,0.213,1.08,,,,,,,,,5659286,67214,67.102,0.797,65274,0.774,0.019,53.8,tests performed,48.15,84339067,104.914,31.6,8.153,5.061,25129.341,0.2,171.285,12.13,14.1,41.1,,2.81,77.69,0.791
TUR,Asia,Turkey,16/08,249309,1192,1215,5974,19,18.571,2956.032,14.133,14.406,70.833,0.225,0.22,1.04,,,,,,,,,5725242,65956,67.884,0.782,65918,0.782,0.018,54.3,tests performed,48.15,84339067,104.914,31.6,8.153,5.061,25129.341,0.2,171.285,12.13,14.1,41.1,,2.81,77.69,0.791
TUR,Asia,Turkey,17/08,250542,1233,1220.714,5996,22,19.714,2970.652,14.62,14.474,71.094,0.261,0.234,1.05,,,,,,,,,5800088,74846,68.771,0.887,67722,0.803,0.018,55.5,tests performed,48.15,84339067,104.914,31.6,8.153,5.061,25129.341,0.2,171.285,12.13,14.1,41.1,,2.81,77.69,0.791
TUR,Asia,Turkey,18/08,251805,1263,1232.143,6016,20,20.429,2985.627,14.975,14.609,71.331,0.237,0.242,1.07,,,,,,,,,5882406,82318,69.747,0.976,70665,0.838,0.017,57.4,tests performed,48.15,84339067,104.914,31.6,8.153,5.061,25129.341,0.2,171.285,12.13,14.1,41.1,,2.81,77.69,0.791
TUR,Asia,Turkey,19/08,253108,1303,1245.143,6039,23,21.143,3001.077,15.45,14.764,71.604,0.273,0.251,1.09,,,,,,,,,5969629,87223,70.781,1.034,73520,0.872,0.017,59,tests performed,48.15,84339067,104.914,31.6,8.153,5.061,25129.341,0.2,171.285,12.13,14.1,41.1,,2.81,77.69,0.791
TUR,Asia,Turkey,20/08,254520,1412,1269.286,6058,19,20.857,3017.819,16.742,15.05,71.829,0.225,0.247,1.13,,,,,,,,,6061930,92301,71.876,1.094,77150,0.915,0.016,60.8,tests performed,48.15,84339067,104.914,31.6,8.153,5.061,25129.341,0.2,171.285,12.13,14.1,41.1,,2.81,77.69,0.791
TUR,Asia,Turkey,21/08,255723,1203,1266,6080,22,20.857,3032.082,14.264,15.011,72.09,0.261,0.247,1.01,,,,,,,,,6154157,92227,72.969,1.094,80298,0.952,0.016,63.4,tests performed,48.15,84339067,104.914,31.6,8.153,5.061,25129.341,0.2,171.285,12.13,14.1,41.1,,2.81,77.69,0.791
TUR,Asia,Turkey,22/08,257032,1309,1273.571,6102,22,21,3047.603,15.521,15.101,72.351,0.261,0.249,1.05,,,,,,,,,6247164,93007,74.072,1.103,83983,0.996,0.015,65.9,tests performed,48.15,84339067,104.914,31.6,8.153,5.061,25129.341,0.2,171.285,12.13,14.1,41.1,,2.81,77.69,0.791
TUR,Asia,Turkey,23/08,258249,1217,1277.143,6121,19,21,3062.033,14.43,15.143,72.576,0.225,0.249,1.02,,,,,,,,,6327466,80302,75.024,0.952,86032,1.02,0.015,67.4,tests performed,48.15,84339067,104.914,31.6,8.153,5.061,25129.341,0.2,171.285,12.13,14.1,41.1,,2.81,77.69,0.791
TUR,Asia,Turkey,24/08,259692,1443,1307.143,6139,18,20.429,3079.142,17.11,15.499,72.79,0.213,0.242,1.13,,,,,,,,,6423409,95943,76.162,1.138,89046,1.056,0.015,68.1,tests performed,48.15,84339067,104.914,31.6,8.153,5.061,25129.341,0.2,171.285,12.13,14.1,41.1,,2.81,77.69,0.791
TUR,Asia,Turkey,25/08,261194,1502,1341.286,6163,24,21,3096.951,17.809,15.903,73.074,0.285,0.249,1.15,,,,,,,,,6521640,98231,77.326,1.165,91319,1.083,0.015,68.1,tests performed,48.15,84339067,104.914,31.6,8.153,5.061,25129.341,0.2,171.285,12.13,14.1,41.1,,2.81,77.69,0.791
TUR,Asia,Turkey,26/08,262507,1313,1342.714,6183,20,20.571,3112.52,15.568,15.92,73.311,0.237,0.244,1.06,,,,,,,,,6621749,100109,78.513,1.187,93160,1.105,0.014,69.4,tests performed,48.15,84339067,104.914,31.6,8.153,5.061,25129.341,0.2,171.285,12.13,14.1,41.1,,2.81,77.69,0.791
TUR,Asia,Turkey,27/08,263998,1491,1354,6209,26,21.571,3130.198,17.679,16.054,73.62,0.308,0.256,1.13,,,,,,,,,6727860,106111,79.772,1.258,95133,1.128,0.014,70.3,tests performed,48.15,84339067,104.914,31.6,8.153,5.061,25129.341,0.2,171.285,12.13,14.1,41.1,,2.81,77.69,0.791
TUR,Asia,Turkey,28/08,265515,1517,1398.857,6245,36,23.571,3148.185,17.987,16.586,74.046,0.427,0.279,1.14,,,,,,,,,6835674,107814,81.05,1.278,97360,1.154,0.014,69.6,tests performed,48.15,84339067,104.914,31.6,8.153,5.061,25129.341,0.2,171.285,12.13,14.1,41.1,,2.81,77.69,0.791
TUR,Asia,Turkey,29/08,267064,1549,1433.143,6284,39,26,3166.552,18.366,16.993,74.509,0.462,0.308,1.13,,,,,,,,,6937088,101414,82.252,1.202,98561,1.169,0.015,68.8,tests performed,48.15,84339067,104.914,31.6,8.153,5.061,25129.341,0.2,171.285,12.13,14.1,41.1,,2.81,77.69,0.791
TUR,Asia,Turkey,30/08,268546,1482,1471,6326,42,29.286,3184.123,17.572,17.442,75.007,0.498,0.347,1.09,,,,,,,,,7028390,91302,83.335,1.083,100132,1.187,0.015,68.1,tests performed,48.15,84339067,104.914,31.6,8.153,5.061,25129.341,0.2,171.285,12.13,14.1,41.1,,2.81,77.69,0.791
TUR,Asia,Turkey,31/08,270133,1587,1491.571,6370,44,33,3202.94,18.817,17.685,75.528,0.522,0.391,1.12,,,,,,,,,7138492,110102,84.64,1.305,102155,1.211,0.015,68.5,tests performed,48.15,84339067,104.914,31.6,8.153,5.061,25129.341,0.2,171.285,12.13,14.1,41.1,,2.81,77.69,0.791
TUR,Asia,Turkey,01/09,271705,1572,1501.571,6417,47,36.286,3221.579,18.639,17.804,76.086,0.557,0.43,1.11,,,,,,,,,7247935,109443,85.938,1.298,103756,1.23,0.014,69.1,tests performed,44.44,84339067,104.914,31.6,8.153,5.061,25129.341,0.2,171.285,12.13,14.1,41.1,,2.81,77.69,0.791
TUR,Asia,Turkey,02/09,273301,1596,1542,6462,45,39.857,3240.503,18.924,18.283,76.619,0.534,0.473,1.11,,,,,,,,,7355862,107927,87.218,1.28,104873,1.243,0.015,68,tests performed,44.44,84339067,104.914,31.6,8.153,5.061,25129.341,0.2,171.285,12.13,14.1,41.1,,2.81,77.69,0.791
TUR,Asia,Turkey,03/09,274943,1642,1563.571,6511,49,43.143,3259.972,19.469,18.539,77.2,0.581,0.512,1.11,,,,,,,,,7466087,110225,88.525,1.307,105461,1.25,0.015,67.4,tests performed,44.44,84339067,104.914,31.6,8.153,5.061,25129.341,0.2,171.285,12.13,14.1,41.1,,2.81,77.69,0.791
TUR,Asia,Turkey,04/09,276555,1612,1577.143,6564,53,45.571,3279.085,19.113,18.7,77.829,0.628,0.54,1.09,,,,,,,,,7583200,117113,89.913,1.389,106789,1.266,0.015,67.7,tests performed,47.22,84339067,104.914,31.6,8.153,5.061,25129.341,0.2,171.285,12.13,14.1,41.1,,2.81,77.69,0.791
TUR,Asia,Turkey,05/09,278228,1673,1594.857,6620,56,48,3298.922,19.837,18.91,78.493,0.664,0.569,1.09,,,,,,,,,7682697,99497,91.093,1.18,106516,1.263,0.015,66.8,tests performed,47.22,84339067,104.914,31.6,8.153,5.061,25129.341,0.2,171.285,12.13,14.1,41.1,,2.81,77.69,0.791
TUR,Asia,Turkey,06/09,279806,1578,1608.571,6673,53,49.571,3317.632,18.71,19.073,79.121,0.628,0.588,1.05,,,,,,,,,7779539,96842,92.241,1.148,107307,1.272,0.015,66.7,tests performed,47.22,84339067,104.914,31.6,8.153,5.061,25129.341,0.2,171.285,12.13,14.1,41.1,,2.81,77.69,0.791
TUR,Asia,Turkey,07/09,281509,1703,1625.143,6730,57,51.429,3337.824,20.192,19.269,79.797,0.676,0.61,1.1,,,,,,,,,7883464,103925,93.473,1.232,106425,1.262,0.015,65.5,tests performed,47.22,84339067,104.914,31.6,8.153,5.061,25129.341,0.2,171.285,12.13,14.1,41.1,,2.81,77.69,0.791
TUR,Asia,Turkey,08/09,283270,1761,1652.143,6782,52,52.143,3358.704,20.88,19.589,80.414,0.617,0.618,1.11,,,,,,,,,7994029,110565,94.784,1.311,106585,1.264,0.016,64.5,tests performed,47.22,84339067,104.914,31.6,8.153,5.061,25129.341,0.2,171.285,12.13,14.1,41.1,,2.81,77.69,0.791
TUR,Asia,Turkey,09/09,284943,1673,1663.143,6837,55,53.571,3378.541,19.837,19.72,81.066,0.652,0.635,1.05,,,,,,,,,8105222,111193,96.103,1.318,107051,1.269,0.016,64.4,tests performed,52.78,84339067,104.914,31.6,8.153,5.061,25129.341,0.2,171.285,12.13,14.1,41.1,,2.81,77.69,0.791
TUR,Asia,Turkey,10/09,286455,1512,1644.571,6895,58,54.857,3396.469,17.928,19.5,81.753,0.688,0.65,0.98,,,,,,,,,8212924,107702,97.38,1.277,106691,1.265,0.015,64.9,tests performed,63.89,84339067,104.914,31.6,8.153,5.061,25129.341,0.2,171.285,12.13,14.1,41.1,,2.81,77.69,0.791
TUR,Asia,Turkey,11/09,288126,1671,1653,6951,56,55.286,3416.282,19.813,19.599,82.417,0.664,0.656,1.02,,,,,,,,,8325137,112213,98.71,1.33,105991,1.257,0.016,64.1,tests performed,63.89,84339067,104.914,31.6,8.153,5.061,25129.341,0.2,171.285,12.13,14.1,41.1,,2.81,77.69,0.791
TUR,Asia,Turkey,12/09,289635,1509,1629.571,6999,48,54.143,3434.174,17.892,19.322,82.986,0.569,0.642,0.96,,,,,,,,,8423463,98326,99.876,1.166,105824,1.255,0.015,64.9,tests performed,73.61,84339067,104.914,31.6,8.153,5.061,25129.341,0.2,171.285,12.13,14.1,41.1,,2.81,77.69,0.791
TUR,Asia,Turkey,13/09,291162,1527,1622.286,7056,57,54.714,3452.279,18.105,19.235,83.662,0.676,0.649,0.98,,,,,,,,,8519560,96097,101.016,1.139,105717,1.253,0.015,65.2,tests performed,73.61,84339067,104.914,31.6,8.153,5.061,25129.341,0.2,171.285,12.13,14.1,41.1,,2.81,77.69,0.791
TUR,Asia,Turkey,14/09,292878,1716,1624.143,7119,63,55.571,3472.626,20.346,19.257,84.409,0.747,0.659,1.07,,,,,,,,,8632123,112563,102.35,1.335,106951,1.268,0.015,65.9,tests performed,73.61,84339067,104.914,31.6,8.153,5.061,25129.341,0.2,171.285,12.13,14.1,41.1,,2.81,77.69,0.791
TUR,Asia,Turkey,15/09,294620,1742,1621.429,7186,67,57.714,3493.28,20.655,19.225,85.204,0.794,0.684,1.08,,,,,,,,,8742535,110412,103.659,1.309,106929,1.268,0.015,65.9,tests performed,73.61,84339067,104.914,31.6,8.153,5.061,25129.341,0.2,171.285,12.13,14.1,41.1,,2.81,77.69,0.791
TUR,Asia,Turkey,16/09,296391,1771,1635.429,7249,63,58.857,3514.279,20.999,19.391,85.951,0.747,0.698,1.08,,,,,,,,,8855180,112645,104.995,1.336,107137,1.27,0.015,65.5,tests performed,73.61,84339067,104.914,31.6,8.153,5.061,25129.341,0.2,171.285,12.13,14.1,41.1,,2.81,77.69,0.791
TUR,Asia,Turkey,17/09,298039,1648,1654.857,7315,66,60,3533.819,19.54,19.621,86.733,0.783,0.711,1.03,,,,,,,,,8965165,109985,106.299,1.304,107463,1.274,0.015,64.9,tests performed,73.61,84339067,104.914,31.6,8.153,5.061,25129.341,0.2,171.285,12.13,14.1,41.1,,2.81,77.69,0.791
TUR,Asia,Turkey,18/09,299810,1771,1669.143,7377,62,60.857,3554.818,20.999,19.791,87.468,0.735,0.722,1.05,,,,,,,,,9076278,111113,107.617,1.317,107306,1.272,0.016,64.3,tests performed,73.61,84339067,104.914,31.6,8.153,5.061,25129.341,0.2,171.285,12.13,14.1,41.1,,2.81,77.69,0.791
TUR,Asia,Turkey,19/09,301348,1538,1673.286,7445,68,63.714,3573.054,18.236,19.84,88.275,0.806,0.755,0.95,,,,,,,,,9173694,97416,108.772,1.155,107176,1.271,0.016,64.1,tests performed,73.61,84339067,104.914,31.6,8.153,5.061,25129.341,0.2,171.285,12.13,14.1,41.1,,2.81,77.69,0.791
TUR,Asia,Turkey,20/09,302867,1519,1672.143,7506,61,64.286,3591.064,18.011,19.826,88.998,0.723,0.762,0.95,,,,,,,,,9269015,95321,109.902,1.13,107065,1.269,0.016,64,tests performed,73.61,84339067,104.914,31.6,8.153,5.061,25129.341,0.2,171.285,12.13,14.1,41.1,,2.81,77.69,0.791
TUR,Asia,Turkey,21/09,304610,1743,1676,7574,68,65,3611.731,20.667,19.872,89.804,0.806,0.771,1.04,,,,,,,,,9381957,112942,111.241,1.339,107119,1.27,0.016,63.9,tests performed,69.91,84339067,104.914,31.6,8.153,5.061,25129.341,0.2,171.285,12.13,14.1,41.1,,2.81,77.69,0.791
TUR,Asia,Turkey,22/09,306302,1692,1668.857,7639,65,64.714,3631.793,20.062,19.787,90.575,0.771,0.767,1.03,,,,,,,,,9496268,114311,112.596,1.355,107676,1.277,0.015,64.5,tests performed,69.91,84339067,104.914,31.6,8.153,5.061,25129.341,0.2,171.285,12.13,14.1,41.1,,2.81,77.69,0.791
TUR,Asia,Turkey,23/09,308069,1767,1668.286,7711,72,66,3652.744,20.951,19.781,91.429,0.854,0.783,1.06,,,,,,,,,9608370,112102,113.925,1.329,107599,1.276,0.016,64.5,tests performed,69.91,84339067,104.914,31.6,8.153,5.061,25129.341,0.2,171.285,12.13,14.1,41.1,,2.81,77.69,0.791
TUR,Asia,Turkey,24/09,309790,1721,1678.714,7785,74,67.143,3673.149,20.406,19.904,92.306,0.877,0.796,1.03,,,,,,,,,9721687,113317,115.269,1.344,108075,1.281,0.016,64.4,tests performed,69.91,84339067,104.914,31.6,8.153,5.061,25129.341,0.2,171.285,12.13,14.1,41.1,,2.81,77.69,0.791
TUR,Asia,Turkey,25/09,311455,1665,1663.571,7858,73,68.714,3692.891,19.742,19.725,93.172,0.866,0.815,0.99,,,,,,,,,9834572,112885,116.608,1.338,108328,1.284,0.015,65.1,tests performed,69.91,84339067,104.914,31.6,8.153,5.061,25129.341,0.2,171.285,12.13,14.1,41.1,,2.81,77.69,0.791
TUR,Asia,Turkey,26/09,312966,1511,1659.714,7929,71,69.143,3710.807,17.916,19.679,94.013,0.842,0.82,0.92,,,,,,,,,9936581,102009,117.817,1.21,108984,1.292,0.015,65.7,tests performed,69.91,84339067,104.914,31.6,8.153,5.061,25129.341,0.2,171.285,12.13,14.1,41.1,,2.81,77.69,0.791
TUR,Asia,Turkey,27/09,314433,1467,1652.286,7997,68,70.143,3728.201,17.394,19.591,94.82,0.806,0.832,0.89,,,,,,,,,10037700,101119,119.016,1.199,109812,1.302,0.015,66.5,tests performed,69.91,84339067,104.914,31.6,8.153,5.061,25129.341,0.2,171.285,12.13,14.1,41.1,,2.81,77.69,0.791
TUR,Asia,Turkey,28/09,315845,1412,1605,8062,65,69.714,3744.943,16.742,19.03,95.59,0.771,0.827,0.88,,,,,,,,,10153223,115523,120.386,1.37,110181,1.306,0.015,68.6,tests performed,69.91,84339067,104.914,31.6,8.153,5.061,25129.341,0.2,171.285,12.13,14.1,41.1,,2.81,77.69,0.791
TUR,Asia,Turkey,29/09,317272,1427,1567.143,8130,68,70.143,3761.863,16.92,18.581,96.397,0.806,0.832,0.89,,,,,,,,,10268163,114940,121.749,1.363,110271,1.307,0.014,70.4,tests performed,69.91,84339067,104.914,31.6,8.153,5.061,25129.341,0.2,171.285,12.13,14.1,41.1,,2.81,77.69,0.791
TUR,Asia,Turkey,30/09,318663,1391,1513.429,8195,65,69.143,3778.356,16.493,17.945,97.167,0.771,0.82,0.89,,,,,,,,,10380261,112098,123.078,1.329,110270,1.307,0.014,72.9,tests performed,69.91,84339067,104.914,31.6,8.153,5.061,25129.341,0.2,171.285,12.13,14.1,41.1,,2.81,77.69,0.791
TUR,Asia,Turkey,01/10,320070,1407,1468.571,8262,67,68.143,3795.038,16.683,17.413,97.962,0.794,0.808,0.91,,,,,,,,,10493807,113546,124.424,1.346,110303,1.308,0.013,75.1,tests performed,69.91,84339067,104.914,31.6,8.153,5.061,25129.341,0.2,171.285,12.13,14.1,41.1,,2.81,77.69,0.791
TUR,Asia,Turkey,02/10,321512,1442,1436.714,8325,63,66.714,3812.136,17.098,17.035,98.709,0.747,0.791,0.95,,,,,,,,,10608664,114857,125.786,1.362,110585,1.311,0.013,77,tests performed,69.91,84339067,104.914,31.6,8.153,5.061,25129.341,0.2,171.285,12.13,14.1,41.1,,2.81,77.69,0.791
TUR,Asia,Turkey,03/10,323014,1502,1435.429,8384,59,65,3829.945,17.809,17.02,99.408,0.7,0.771,0.98,,,,,,,,,10711883,103219,127.01,1.224,110757,1.313,0.013,77.2,tests performed,69.91,84339067,104.914,31.6,8.153,5.061,25129.341,0.2,171.285,12.13,14.1,41.1,,2.81,77.69,0.791
TUR,Asia,Turkey,04/10,324443,1429,1430,8441,57,63.429,3846.889,16.944,16.955,100.084,0.676,0.752,0.97,,,,,,,,,10816285,104402,128.248,1.238,111226,1.319,0.013,77.8,tests performed,69.91,84339067,104.914,31.6,8.153,5.061,25129.341,0.2,171.285,12.13,14.1,41.1,,2.81,77.69,0.791
TUR,Asia,Turkey,05/10,326046,1603,1457.286,8498,57,62.286,3865.895,19.007,17.279,100.76,0.676,0.739,1.04,,,,,,,,,10931917,115632,129.619,1.371,111242,1.319,0.013,76.3,tests performed,69.91,84339067,104.914,31.6,8.153,5.061,25129.341,0.2,171.285,12.13,14.1,41.1,,2.81,77.69,0.791
TUR,Asia,Turkey,06/10,327557,1511,1469.286,8553,55,60.429,3883.811,17.916,17.421,101.412,0.652,0.716,1.01,,,,,,,,,11044338,112421,130.952,1.333,110882,1.315,0.013,75.5,tests performed,69.91,84339067,104.914,31.6,8.153,5.061,25129.341,0.2,171.285,12.13,14.1,41.1,,2.81,77.69,0.791
TUR,Asia,Turkey,07/10,329138,1581,1496.429,8609,56,59.143,3902.557,18.746,17.743,102.076,0.664,0.701,1.04,,,,,,,,,11160946,116608,132.334,1.383,111526,1.322,0.013,74.5,tests performed,69.91,84339067,104.914,31.6,8.153,5.061,25129.341,0.2,171.285,12.13,14.1,41.1,,2.81,77.69,0.791
TUR,Asia,Turkey,08/10,330753,1615,1526.143,8667,58,57.857,3921.706,19.149,18.095,102.764,0.688,0.686,1.06,,,,,,,,,11278047,117101,133.723,1.388,112034,1.328,0.014,73.4,tests performed,69.91,84339067,104.914,31.6,8.153,5.061,25129.341,0.2,171.285,12.13,14.1,41.1,,2.81,77.69,0.791
TUR,Asia,Turkey,09/10,332382,1629,1552.857,8722,55,56.714,3941.021,19.315,18.412,103.416,0.652,0.672,1.06,,,,,,,,,11393342,115295,135.09,1.367,112097,1.329,0.014,72.2,tests performed,69.91,84339067,104.914,31.6,8.153,5.061,25129.341,0.2,171.285,12.13,14.1,41.1,,2.81,77.69,0.791
TUR,Asia,Turkey,10/10,334031,1649,1573.857,8778,56,56.286,3960.573,19.552,18.661,104.08,0.664,0.667,1.05,,,,,,,,,11506444,113102,136.431,1.341,113509,1.346,0.014,72.1,tests performed,69.91,84339067,104.914,31.6,8.153,5.061,25129.341,0.2,171.285,12.13,14.1,41.1,,2.81,77.69,0.791
TUR,Asia,Turkey,11/10,335533,1502,1584.286,8837,59,56.571,3978.382,17.809,18.785,104.779,0.7,0.671,0.99,,,,,,,,,11615745,109301,137.727,1.296,114209,1.354,0.014,72.1,tests performed,69.91,84339067,104.914,31.6,8.153,5.061,25129.341,0.2,171.285,12.13,14.1,41.1,,2.81,77.69,0.791
TUR,Asia,Turkey,12/10,337147,1614,1585.857,8895,58,56.714,3997.519,19.137,18.803,105.467,0.688,0.672,1.03,,,,,,,,,11731350,115605,139.097,1.371,114205,1.354,0.014,72,tests performed,69.91,84339067,104.914,31.6,8.153,5.061,25129.341,0.2,171.285,12.13,14.1,41.1,,2.81,77.69,0.791
TUR,Asia,Turkey,13/10,338779,1632,1603.143,8957,62,57.714,4016.869,19.35,19.008,106.202,0.735,0.684,1.04,,,,,,,,,11846342,114992,140.461,1.363,114572,1.358,0.014,71.5,tests performed,69.91,84339067,104.914,31.6,8.153,5.061,25129.341,0.2,171.285,12.13,14.1,41.1,,2.81,77.69,0.791
TUR,Asia,Turkey,14/10,340450,1671,1616,9014,57,57.857,4036.682,19.813,19.161,106.878,0.676,0.686,1.06,,,,,,,,,11961670,115328,141.828,1.367,114389,1.356,0.014,70.8,tests performed,69.91,84339067,104.914,31.6,8.153,5.061,25129.341,0.2,171.285,12.13,14.1,41.1,,2.81,77.69,0.791
TUR,Asia,Turkey,15/10,342143,1693,1627.143,9080,66,59,4056.756,20.074,19.293,107.661,0.783,0.7,1.07,,,,,,,,,12077773,116103,143.205,1.377,114247,1.355,0.014,70.2,tests performed,69.91,84339067,104.914,31.6,8.153,5.061,25129.341,0.2,171.285,12.13,14.1,41.1,,2.81,77.69,0.791
TUR,Asia,Turkey,16/10,343955,1812,1653.286,9153,73,61.571,4078.241,21.485,19.603,108.526,0.866,0.73,1.11,,,,,,,,,12194778,117005,144.592,1.387,114491,1.358,0.014,69.3,tests performed,68.06,84339067,104.914,31.6,8.153,5.061,25129.341,0.2,171.285,12.13,14.1,41.1,,2.81,77.69,0.791
TUR,Asia,Turkey,17/10,345678,1723,1663.857,9224,71,63.714,4098.67,20.429,19.728,109.368,0.842,0.755,1.08,,,,,,,,,12306909,112131,145.922,1.33,114352,1.356,0.015,68.7,tests performed,68.06,84339067,104.914,31.6,8.153,5.061,25129.341,0.2,171.285,12.13,14.1,41.1,,2.81,77.69,0.791
TUR,Asia,Turkey,18/10,347493,1815,1708.571,9296,72,65.571,4120.19,21.52,20.258,110.222,0.854,0.777,1.11,,,,,,,,,12408312,101403,147.124,1.202,113224,1.342,0.015,66.3,tests performed,68.06,84339067,104.914,31.6,8.153,5.061,25129.341,0.2,171.285,12.13,14.1,41.1,,2.81,77.69,0.791
TUR,Asia,Turkey,19/10,349519,2026,1767.429,9371,75,68,4144.212,24.022,20.956,111.111,0.889,0.806,1.18,,,,,,,,,12524561,116249,148.502,1.378,113316,1.344,0.016,64.1,tests performed,68.06,84339067,104.914,31.6,8.153,5.061,25129.341,0.2,171.285,12.13,14.1,41.1,,2.81,77.69,0.791
TUR,Asia,Turkey,20/10,351413,1894,1804.857,9445,74,69.714,4166.669,22.457,21.4,111.988,0.877,0.827,1.12,,,,,,,,,12641126,116565,149.885,1.382,113541,1.346,0.016,62.9,tests performed,68.06,84339067,104.914,31.6,8.153,5.061,25129.341,0.2,171.285,12.13,14.1,41.1,,2.81,77.69,0.791
TUR,Asia,Turkey,21/10,353426,2013,1853.714,9513,68,71.286,4190.537,23.868,21.979,112.795,0.806,0.845,1.15,,,,,,,,,12759069,117943,151.283,1.398,113914,1.351,0.016,61.5,tests performed,68.06,84339067,104.914,31.6,8.153,5.061,25129.341,0.2,171.285,12.13,14.1,41.1,,2.81,77.69,0.791
TUR,Asia,Turkey,22/10,355528,2102,1912.143,9584,71,72,4215.46,24.923,22.672,113.637,0.842,0.854,1.17,,,,,,,,,12876267,117198,152.673,1.39,114071,1.353,0.017,59.7,tests performed,68.06,84339067,104.914,31.6,8.153,5.061,25129.341,0.2,171.285,12.13,14.1,41.1,,2.81,77.69,0.791
TUR,Asia,Turkey,23/10,357693,2165,1962.571,9658,74,72.143,4241.131,25.67,23.27,114.514,0.877,0.855,1.17,,,,,,,,,12992246,115979,154.048,1.375,113924,1.351,0.017,58,tests performed,68.06,84339067,104.914,31.6,8.153,5.061,25129.341,0.2,171.285,12.13,14.1,41.1,,2.81,77.69,0.791
TUR,Asia,Turkey,24/10,359784,2091,2015.143,9727,69,71.857,4265.923,24.793,23.893,115.332,0.818,0.852,1.12,,,,,,,,,13105673,113427,155.393,1.345,114109,1.353,0.018,56.6,tests performed,68.06,84339067,104.914,31.6,8.153,5.061,25129.341,0.2,171.285,12.13,14.1,41.1,,2.81,77.69,0.791
TUR,Asia,Turkey,25/10,361801,2017,2044,9799,72,71.857,4289.839,23.915,24.236,116.186,0.854,0.852,1.08,,,,,,,,,13217888,112215,156.723,1.331,115654,1.371,0.018,56.6,tests performed,68.06,84339067,104.914,31.6,8.153,5.061,25129.341,0.2,171.285,12.13,14.1,41.1,,2.81,77.69,0.791
TUR,Asia,Turkey,26/10,363999,2198,2068.571,9874,75,71.857,4315.9,26.061,24.527,117.075,0.889,0.852,1.13,,,,,,,,,13350801,132913,158.299,1.576,118034,1.4,0.018,57.1,tests performed,68.06,84339067,104.914,31.6,8.153,5.061,25129.341,0.2,171.285,12.13,14.1,41.1,,2.81,77.69,0.791
TUR,Asia,Turkey,27/10,366208,2209,2113.571,9950,76,72.143,4342.092,26.192,25.06,117.976,0.901,0.855,1.13,,,,,,,,,13478452,127651,159.813,1.514,119618,1.418,0.018,56.6,tests performed,68.06,84339067,104.914,31.6,8.153,5.061,25129.341,0.2,171.285,12.13,14.1,41.1,,2.81,77.69,0.791
TUR,Asia,Turkey,28/10,368513,2305,2155.286,10027,77,73.429,4369.422,27.33,25.555,118.889,0.913,0.871,1.14,,,,,,,,,13606764,128312,161.334,1.521,121099,1.436,0.018,56.2,tests performed,68.06,84339067,104.914,31.6,8.153,5.061,25129.341,0.2,171.285,12.13,14.1,41.1,,2.81,77.69,0.791
TUR,Asia,Turkey,29/10,370832,2319,2186.286,10099,72,73.571,4396.918,27.496,25.923,119.743,0.854,0.872,1.13,,,,,,,,,13741180,134416,162.928,1.594,123559,1.465,0.018,56.5,tests performed,60.65,84339067,104.914,31.6,8.153,5.061,25129.341,0.2,171.285,12.13,14.1,41.1,,2.81,77.69,0.791
TUR,Asia,Turkey,30/10,373154,2322,2208.714,10177,78,74.143,4424.45,27.532,26.189,120.668,0.925,0.879,1.11,,,,,,,,,13877705,136525,164.547,1.619,126494,1.5,0.017,57.3,tests performed,60.65,84339067,104.914,31.6,8.153,5.061,25129.341,0.2,171.285,12.13,14.1,41.1,,2.81,77.69,0.791
TUR,Asia,Turkey,31/10,375367,2213,2226.143,10252,75,75,4450.69,26.239,26.395,121.557,0.889,0.889,1.05,,,,,,,,,14001814,124109,166.018,1.472,128020,1.518,0.017,57.5,tests performed,60.65,84339067,104.914,31.6,8.153,5.061,25129.341,0.2,171.285,12.13,14.1,41.1,,2.81,77.69,0.791
TUR,Asia,Turkey,01/11,377473,2106,2238.857,10326,74,75.286,4475.66,24.971,26.546,122.434,0.877,0.893,1.02,,,,,,,,,14125157,123343,167.481,1.462,129610,1.537,0.017,57.9,tests performed,60.65,84339067,104.914,31.6,8.153,5.061,25129.341,0.2,171.285,12.13,14.1,41.1,,2.81,77.69,0.791
TUR,Asia,Turkey,02/11,379775,2302,2253.714,10402,76,75.429,4502.955,27.295,26.722,123.335,0.901,0.894,1.07,,,,,,,,,14264260,139103,169.13,1.649,130494,1.547,0.017,57.9,tests performed,60.65,84339067,104.914,31.6,8.153,5.061,25129.341,0.2,171.285,12.13,14.1,41.1,,2.81,77.69,0.791
TUR,Asia,Turkey,03/11,382118,2343,2272.857,10481,79,75.857,4530.735,27.781,26.949,124.272,0.937,0.899,1.09,,,,,,,,,14410507,146247,170.864,1.734,133151,1.579,0.017,58.6,tests performed,60.65,84339067,104.914,31.6,8.153,5.061,25129.341,0.2,171.285,12.13,14.1,41.1,,2.81,77.69,0.791
TUR,Asia,Turkey,04/11,384509,2391,2285.143,10558,77,75.857,4559.085,28.35,27.095,125.185,0.913,0.899,1.09,,,,,,,,,14554923,144416,172.576,1.712,135451,1.606,0.017,59.3,tests performed,60.65,84339067,104.914,31.6,8.153,5.061,25129.341,0.2,171.285,12.13,14.1,41.1,,2.81,77.69,0.791
TUR,Asia,Turkey,05/11,386820,2311,2284,10639,81,77.143,4586.487,27.401,27.081,126.146,0.96,0.915,1.06,,,,,,,,,14700951,146028,174.308,1.731,137110,1.626,0.017,60,tests performed,60.65,84339067,104.914,31.6,8.153,5.061,25129.341,0.2,171.285,12.13,14.1,41.1,,2.81,77.69,0.791
TUR,Asia,Turkey,06/11,389256,2436,2300.286,10722,83,77.857,4615.37,28.883,27.274,127.13,0.984,0.923,1.09,,,,,,,,,14846192,145241,176.03,1.722,138355,1.64,0.017,60.1,tests performed,60.65,84339067,104.914,31.6,8.153,5.061,25129.341,0.2,171.285,12.13,14.1,41.1,,2.81,77.69,0.791
TUR,Asia,Turkey,07/11,391739,2483,2338.857,10803,81,78.714,4644.811,29.441,27.732,128.09,0.96,0.933,1.1,,,,,,,,,14985867,139675,177.686,1.656,140579,1.667,0.017,60.1,tests performed,60.65,84339067,104.914,31.6,8.153,5.061,25129.341,0.2,171.285,12.13,14.1,41.1,,2.81,77.69,0.791
TUR,Asia,Turkey,08/11,394255,2516,2397.429,10887,84,80.143,4674.643,29.832,28.426,129.086,0.996,0.95,1.1,,,,,,,,,15127811,141944,179.369,1.683,143236,1.698,0.017,59.7,tests performed,60.65,84339067,104.914,31.6,8.153,5.061,25129.341,0.2,171.285,12.13,14.1,41.1,,2.81,77.69,0.791
TUR,Asia,Turkey,09/11,396831,2576,2436.571,10972,85,81.429,4705.186,30.543,28.89,130.094,1.008,0.965,1.11,,,,,,,,,15273222,145411,181.093,1.724,144137,1.709,0.017,59.2,tests performed,60.65,84339067,104.914,31.6,8.153,5.061,25129.341,0.2,171.285,12.13,14.1,41.1,,2.81,77.69,0.791
TUR,Asia,Turkey,10/11,399360,2529,2463.143,11059,87,82.571,4735.172,29.986,29.205,131.125,1.032,0.979,1.09,,,,,,,,,15419420,146198,182.827,1.733,144130,1.709,0.017,58.5,tests performed,60.65,84339067,104.914,31.6,8.153,5.061,25129.341,0.2,171.285,12.13,14.1,41.1,,2.81,77.69,0.791
TUR,Asia,Turkey,11/11,402053,2693,2506.286,11145,86,83.857,4767.103,31.931,29.717,132.145,1.02,0.994,1.13,,,,,,,,,15565409,145989,184.558,1.731,144355,1.712,0.017,57.6,tests performed,60.65,84339067,104.914,31.6,8.153,5.061,25129.341,0.2,171.285,12.13,14.1,41.1,,2.81,77.69,0.791
TUR,Asia,Turkey,12/11,404894,2841,2582,11233,88,84.857,4800.788,33.685,30.615,133.189,1.043,1.006,1.17,,,,,,,,,15713891,148482,186.318,1.761,144706,1.716,0.018,56,tests performed,60.65,84339067,104.914,31.6,8.153,5.061,25129.341,0.2,171.285,12.13,14.1,41.1,,2.81,77.69,0.791
TUR,Asia,Turkey,13/11,407939,3045,2669,11326,93,86.286,4836.892,36.104,31.646,134.291,1.103,1.023,1.21,,,,,,,,,15863833,149942,188.096,1.778,145377,1.724,0.018,54.5,tests performed,60.65,84339067,104.914,31.6,8.153,5.061,25129.341,0.2,171.285,12.13,14.1,41.1,,2.81,77.69,0.791
TUR,Asia,Turkey,14/11,411055,3116,2759.429,11418,92,87.857,4873.839,36.946,32.718,135.382,1.091,1.042,1.21,,,,,,,,,16013974,150141,189.876,1.78,146872,1.741,0.019,53.2,tests performed,60.65,84339067,104.914,31.6,8.153,5.061,25129.341,0.2,171.285,12.13,14.1,41.1,,2.81,77.69,0.791
TUR,Asia,Turkey,15/11,414278,3223,2860.429,11507,89,88.571,4912.053,38.215,33.916,136.437,1.055,1.05,1.22,,,,,,,,,16156470,142496,191.566,1.69,146951,1.742,0.019,51.4,tests performed,60.65,84339067,104.914,31.6,8.153,5.061,25129.341,0.2,171.285,12.13,14.1,41.1,,2.81,77.69,0.791
TUR,Asia,Turkey,16/11,417594,3316,2966.143,11601,94,89.857,4951.371,39.317,35.169,137.552,1.115,1.065,1.24,,,,,,,,,16307986,151516,193.362,1.797,147823,1.753,0.02,49.8,tests performed,60.65,84339067,104.914,31.6,8.153,5.061,25129.341,0.2,171.285,12.13,14.1,41.1,,2.81,77.69,0.791
TUR,Asia,Turkey,17/11,421413,3819,3150.429,11704,103,92.143,4996.652,45.282,37.354,138.773,1.221,1.093,1.35,,,,,,,,,16464678,156692,195.22,1.858,149323,1.771,0.021,47.4,tests performed,62.5,84339067,104.914,31.6,8.153,5.061,25129.341,0.2,171.285,12.13,14.1,41.1,,2.81,77.69,0.791
TUR,Asia,Turkey,18/11,425628,4215,3367.857,11820,116,96.429,5046.629,49.977,39.932,140.149,1.375,1.143,1.42,,,,,,,,,16623489,158811,197.103,1.883,151154,1.792,0.022,44.9,tests performed,62.5,84339067,104.914,31.6,8.153,5.061,25129.341,0.2,171.285,12.13,14.1,41.1,,2.81,77.69,0.791
TUR,Asia,Turkey,19/11,430170,4542,3610.857,11943,123,101.429,5100.483,53.854,42.814,141.607,1.458,1.203,1.45,,,,,,,,,16781245,157756,198.974,1.87,152479,1.808,0.024,42.2,tests performed,62.5,84339067,104.914,31.6,8.153,5.061,25129.341,0.2,171.285,12.13,14.1,41.1,,2.81,77.69,0.791
TUR,Asia,Turkey,20/11,435273,5103,3904.857,12084,141,108.286,5160.989,60.506,46.3,143.279,1.672,1.284,1.51,,,,,,,,,16937887,156642,200.831,1.857,153436,1.819,0.025,39.3,tests performed,62.5,84339067,104.914,31.6,8.153,5.061,25129.341,0.2,171.285,12.13,14.1,41.1,,2.81,77.69,0.791
TUR,Asia,Turkey,21/11,440805,5532,4250,12219,135,114.429,5226.581,65.592,50.392,144.879,1.601,1.357,,,,,,,,,,17090101,152214,202.636,1.805,153732,1.823,0.028,36.2,tests performed,62.5,84339067,104.914,31.6,8.153,5.061,25129.341,0.2,171.285,12.13,14.1,41.1,,2.81,77.69,0.791
TUR,Asia,Turkey,22/11,446822,6017,4649.143,12358,139,121.571,5297.924,71.343,55.124,146.528,1.648,1.441,,,,,,,,,,17245617,155516,204.48,1.844,155592,1.845,0.03,33.5,tests performed,62.5,84339067,104.914,31.6,8.153,5.061,25129.341,0.2,171.285,12.13,14.1,41.1,,2.81,77.69,0.791
TUR,Asia,Turkey,23/11,453535,6713,5134.429,12511,153,130,5377.52,79.595,60.878,148.342,1.814,1.541,,,,,,,,,,17406742,161125,206.39,1.91,156965,1.861,0.033,30.6,tests performed,62.5,84339067,104.914,31.6,8.153,5.061,25129.341,0.2,171.285,12.13,14.1,41.1,,2.81,77.69,0.791
TUR,Asia,Turkey,24/11,460916,7381,5643.286,12672,161,138.286,5465.036,87.516,66.912,150.251,1.909,1.64,,,,,,,,,,17568973,162231,208.314,1.924,157756,1.87,0.036,28,tests performed,62.5,84339067,104.914,31.6,8.153,5.061,25129.341,0.2,171.285,12.13,14.1,41.1,,2.81,77.69,0.791
TUR,Asia,Turkey,25/11,467730,6814,6014.571,12840,168,145.714,5545.828,80.793,71.314,152.243,1.992,1.728,,,,,,,,,,17733520,164547,210.265,1.951,158576,1.88,0.038,26.4,tests performed,62.5,84339067,104.914,31.6,8.153,5.061,25129.341,0.2,171.285,12.13,14.1,41.1,,2.81,77.69,0.791
TUR,Asia,Turkey,26/11,503738,36008,10509.714,13014,174,153,5972.772,426.943,124.613,154.306,2.063,1.814,,,,,,,,,,17901868,168348,212.261,1.996,160089,1.898,0.066,15.2,tests performed,62.5,84339067,104.914,31.6,8.153,5.061,25129.341,0.2,171.285,12.13,14.1,41.1,,2.81,77.69,0.791
TUR,Asia,Turkey,27/11,548244,44506,16138.714,13191,177,158.143,6500.475,527.703,191.355,156.404,2.099,1.875,,,,,,,,,,18072981,171113,214.29,2.029,162156,1.923,0.1,10,tests performed,62.5,84339067,104.914,31.6,8.153,5.061,25129.341,0.2,171.285,12.13,14.1,41.1,,2.81,77.69,0.791
TUR,Asia,Turkey,28/11,578347,30103,19648.857,13373,182,164.857,6857.403,356.928,232.975,158.562,2.158,1.955,,,,,,,,,,18247424,174443,216.358,2.068,165332,1.96,0.119,8.4,tests performed,62.5,84339067,104.914,31.6,8.153,5.061,25129.341,0.2,171.285,12.13,14.1,41.1,,2.81,77.69,0.791
TUR,Asia,Turkey,29/11,607628,29281,22972.286,13558,185,171.429,7204.585,347.182,272.38,160.756,2.194,2.033,,,,,,,,,,18415636,168212,218.352,1.994,167146,1.982,0.137,7.3,tests performed,62.5,84339067,104.914,31.6,8.153,5.061,25129.341,0.2,171.285,12.13,14.1,41.1,,2.81,77.69,0.791
TUR,Asia,Turkey,30/11,638847,31219,26473.143,13746,188,176.429,7574.746,370.161,313.889,162.985,2.229,2.092,,,,,,,,,,18592292,176656,220.447,2.095,169364,2.008,0.156,6.4,tests performed,,84339067,104.914,31.6,8.153,5.061,25129.341,0.2,171.285,12.13,14.1,41.1,,2.81,77.69,0.791
TUR,Asia,Turkey,01/12,668957,30110,29720.143,13936,190,180.571,7931.757,357.011,352.389,165.238,2.253,2.141,,,,,,,,,,,,,,,,,,,,84339067,104.914,31.6,8.153,5.061,25129.341,0.2,171.285,12.13,14.1,41.1,,2.81,77.69,0.791
TUR,Asia,Turkey,02/12,700880,31923,33307.143,14129,193,184.143,8310.265,378.508,394.92,167.526,2.288,2.183,,,,,,,,,,,,,,,,,,,,84339067,104.914,31.6,8.153,5.061,25129.341,0.2,171.285,12.13,14.1,41.1,,2.81,77.69,0.791
TUR,Asia,Turkey,03/12,733261,32381,32789,14316,187,186,8694.203,383.938,388.776,169.743,2.217,2.205,,,,,,,,,,,,,,,,,,,,84339067,104.914,31.6,8.153,5.061,25129.341,0.2,171.285,12.13,14.1,41.1,,2.81,77.69,0.791
